station,food,weight_g_per_cm2,C_kg_co2e_per_kg,W_water_m3_per_kg,carbon_usd_per_kg,water_usd_per_kg,impact_score_usd_per_kg,largest_factor,menu_co2_label,gemini_ingredients,gemini_visible_components,recipe_kg_per_kg,label_serving_description,label_serving_g,notes
Breakfast,Scrambled Eggs,1.0,5.14,0.715,0.98,1.07,2.05,water,medium,,,eggs 0.88; milk 0.08; butter 0.03,1/2 Cup,100,"portion size and g/cm2 are estimates; menu_co2_label derived from C (<3 low, 3-10 medium, >=10 high)"
Breakfast,Fried Egg,1.2,5.48,0.757,1.04,1.14,2.18,water,medium,,,eggs 0.95; butter 0.04,1 Egg,50,"portion size and g/cm2 are estimates; menu_co2_label derived from C (<3 low, 3-10 medium, >=10 high)"
Breakfast,Hard-boiled Egg,1.2,4.67,0.578,0.89,0.87,1.75,carbon,medium,,,eggs 1,1 Egg,50,"portion size and g/cm2 are estimates; menu_co2_label derived from C (<3 low, 3-10 medium, >=10 high)"
Breakfast,Cheese Omelet,1.3,8.03,1.462,1.52,2.19,3.72,water,medium,,,eggs 0.75; cheese 0.15; milk 0.05; butter 0.03,Omelet,150,"portion size and g/cm2 are estimates; menu_co2_label derived from C (<3 low, 3-10 medium, >=10 high)"
Breakfast,Veggie Omelet,1.3,5.22,0.847,0.99,1.27,2.26,water,medium,,,eggs 0.65; other veg 0.15; onions 0.05; tomatoes 0.05; cheese 0.05; butter 0.03,Omelet,150,"portion size and g/cm2 are estimates; menu_co2_label derived from C (<3 low, 3-10 medium, >=10 high)"
Breakfast,Western Omelet,1.3,7.17,1.131,1.36,1.7,3.06,water,medium,,,eggs 0.6; deli ham 0.15; other veg 0.1; onions 0.05; cheese 0.05; butter 0.03,Omelet,150,"portion size and g/cm2 are estimates; menu_co2_label derived from C (<3 low, 3-10 medium, >=10 high)"
Breakfast,Egg White Omelet,1.3,4.11,0.508,0.78,0.76,1.54,carbon,medium,,,eggs 0.85; other veg 0.12; veg oil 0.02,Omelet,150,"egg whites allocated by mass; portion size and g/cm2 are estimates; menu_co2_label derived from C (<3 low, 3-10 medium, >=10 high)"
Breakfast,Bacon,0.5,34.47,5.028,6.55,7.54,14.09,water,high,,,bacon 1,3 Slices,24,"cooked; ~2.8 kg raw pork belly per kg cooked bacon; portion size and g/cm2 are estimates; menu_co2_label derived from C (<3 low, 3-10 medium, >=10 high)"
Breakfast,Turkey Bacon,0.5,13.82,0.924,2.63,1.39,4.01,carbon,high,,,poultry 1.4,3 Slices,24,"portion size and g/cm2 are estimates; menu_co2_label derived from C (<3 low, 3-10 medium, >=10 high)"
Breakfast,Pork Sausage Links,1.2,16.0,2.335,3.04,3.5,6.54,water,high,,,sausage cooked 1,2 Links,48,"portion size and g/cm2 are estimates; menu_co2_label derived from C (<3 low, 3-10 medium, >=10 high)"
Breakfast,Sausage Patty,1.2,16.0,2.335,3.04,3.5,6.54,water,high,,,sausage cooked 1,Patty,45,"portion size and g/cm2 are estimates; menu_co2_label derived from C (<3 low, 3-10 medium, >=10 high)"
Breakfast,Chicken Sausage,1.2,12.83,0.858,2.44,1.29,3.72,carbon,high,,,poultry 1.3,2 Links,48,"portion size and g/cm2 are estimates; menu_co2_label derived from C (<3 low, 3-10 medium, >=10 high)"
Breakfast,Canadian Bacon,0.5,16.0,2.335,3.04,3.5,6.54,water,high,,,pork 1.3,3 Slices,24,"portion size and g/cm2 are estimates; menu_co2_label derived from C (<3 low, 3-10 medium, >=10 high)"
Breakfast,Hash Browns,1.1,0.85,0.09,0.16,0.13,0.3,carbon,low,,,potatoes 1.2; veg oil 0.08,1/2 Cup,85,"portion size and g/cm2 are estimates; menu_co2_label derived from C (<3 low, 3-10 medium, >=10 high)"
Breakfast,Home Fries,1.1,0.82,0.088,0.16,0.13,0.29,carbon,low,,,potatoes 1.15; onions 0.08; other veg 0.05; veg oil 0.06,1/2 Cup,85,"portion size and g/cm2 are estimates; menu_co2_label derived from C (<3 low, 3-10 medium, >=10 high)"
Breakfast,Pancakes,1.0,3.21,0.696,0.61,1.04,1.65,water,medium,,,wheat 0.35; milk 0.35; eggs 0.12; sugar 0.04; butter 0.03; veg oil 0.03,2 Pancakes,116,"portion size and g/cm2 are estimates; menu_co2_label derived from C (<3 low, 3-10 medium, >=10 high)"
Breakfast,Waffles,0.9,3.89,0.856,0.74,1.28,2.02,water,medium,,,wheat 0.38; milk 0.33; eggs 0.12; sugar 0.05; butter 0.06,Waffle,75,"portion size and g/cm2 are estimates; menu_co2_label derived from C (<3 low, 3-10 medium, >=10 high)"
Breakfast,French Toast,1.1,3.68,0.81,0.7,1.22,1.91,water,medium,,,wheat 0.5; eggs 0.25; milk 0.2; butter 0.04; sugar 0.02,2 Slices,130,"portion size and g/cm2 are estimates; menu_co2_label derived from C (<3 low, 3-10 medium, >=10 high)"
Breakfast,Oatmeal,1.8,0.5,0.096,0.09,0.14,0.24,water,low,,,oats 0.2,1 Cup,234,"made with water; portion size and g/cm2 are estimates; menu_co2_label derived from C (<3 low, 3-10 medium, >=10 high)"
Breakfast,Oatmeal with Milk,1.8,2.07,0.411,0.39,0.62,1.01,water,low,,,oats 0.2; milk 0.5,1 Cup,234,"portion size and g/cm2 are estimates; menu_co2_label derived from C (<3 low, 3-10 medium, >=10 high)"
Breakfast,Grits,1.8,1.12,0.199,0.21,0.3,0.51,water,low,,,maize 0.2; butter 0.03,1 Cup,234,"portion size and g/cm2 are estimates; menu_co2_label derived from C (<3 low, 3-10 medium, >=10 high)"
Breakfast,Cream of Wheat,1.8,0.24,0.097,0.04,0.15,0.19,water,low,,,wheat 0.15,1 Cup,234,"portion size and g/cm2 are estimates; menu_co2_label derived from C (<3 low, 3-10 medium, >=10 high)"
Breakfast,Plain Bagel,1.4,1.57,0.647,0.3,0.97,1.27,water,low,,,wheat 1,Bagel,105,"portion size and g/cm2 are estimates; menu_co2_label derived from C (<3 low, 3-10 medium, >=10 high)"
Breakfast,Bagel with Cream Cheese,1.4,2.78,0.821,0.53,1.23,1.76,water,low,,,wheat 0.8; cream cheese 0.2,Bagel,105,"portion size and g/cm2 are estimates; menu_co2_label derived from C (<3 low, 3-10 medium, >=10 high)"
Breakfast,English Muffin,1.2,1.49,0.615,0.28,0.92,1.21,water,low,,,wheat 0.95,Muffin,57,"portion size and g/cm2 are estimates; menu_co2_label derived from C (<3 low, 3-10 medium, >=10 high)"
Breakfast,Buttermilk Biscuit,1.4,5.33,1.264,1.01,1.9,2.91,water,medium,,,wheat 0.6; butter 0.15; milk 0.15,Biscuit,60,"portion size and g/cm2 are estimates; menu_co2_label derived from C (<3 low, 3-10 medium, >=10 high)"
Breakfast,Biscuits and Gravy,1.5,5.98,1.182,1.14,1.77,2.91,water,medium,,,wheat 0.35; butter 0.08; milk 0.3; sausage cooked 0.15,Biscuit with Gravy,200,"portion size and g/cm2 are estimates; menu_co2_label derived from C (<3 low, 3-10 medium, >=10 high)"
Breakfast,Breakfast Burrito,2.2,5.82,1.06,1.11,1.59,2.7,water,medium,,,tortilla flour 0.25; eggs 0.3; potatoes 0.15; cheese 0.08; sausage cooked 0.12; veg oil 0.03,Burrito,220,"portion size and g/cm2 are estimates; menu_co2_label derived from C (<3 low, 3-10 medium, >=10 high)"
Breakfast,Egg and Cheese Breakfast Sandwich,1.8,5.99,1.322,1.14,1.98,3.12,water,medium,,,wheat 0.45; eggs 0.35; cheese 0.12; butter 0.03,Sandwich,150,"portion size and g/cm2 are estimates; menu_co2_label derived from C (<3 low, 3-10 medium, >=10 high)"
Breakfast,Sausage Egg and Cheese Biscuit,1.8,9.36,1.75,1.78,2.63,4.4,water,medium,,,wheat 0.3; butter 0.07; milk 0.07; sausage cooked 0.25; eggs 0.2; cheese 0.08,Sandwich,160,"portion size and g/cm2 are estimates; menu_co2_label derived from C (<3 low, 3-10 medium, >=10 high)"
Breakfast,Vanilla Yogurt,1.6,3.53,0.698,0.67,1.05,1.72,water,medium,,,yogurt 0.92; sugar 0.08,Cup,170,"portion size and g/cm2 are estimates; menu_co2_label derived from C (<3 low, 3-10 medium, >=10 high)"
Breakfast,Greek Yogurt,1.6,6.3,1.256,1.2,1.88,3.08,water,medium,,,greek yogurt 1,Cup,170,"portion size and g/cm2 are estimates; menu_co2_label derived from C (<3 low, 3-10 medium, >=10 high)"
Breakfast,Yogurt Parfait,1.6,2.88,0.67,0.55,1.01,1.55,water,low,,,yogurt 0.6; oats 0.12; berries 0.18; sugar 0.05; nuts 0.02,Cup,220,"portion size and g/cm2 are estimates; menu_co2_label derived from C (<3 low, 3-10 medium, >=10 high)"
Breakfast,Granola,0.6,2.28,0.789,0.43,1.18,1.62,water,low,,,oats 0.6; sugar 0.15; veg oil 0.1; nuts 0.1,1/2 Cup,55,"portion size and g/cm2 are estimates; menu_co2_label derived from C (<3 low, 3-10 medium, >=10 high)"
Breakfast,Corn Flakes,0.3,1.9,0.249,0.36,0.37,0.73,water,low,,,maize 1; sugar 0.08,1 Cup,30,"portion size and g/cm2 are estimates; menu_co2_label derived from C (<3 low, 3-10 medium, >=10 high)"
Breakfast,Frosted Flakes,0.3,1.98,0.287,0.38,0.43,0.81,water,low,,,maize 0.65; sugar 0.35,1 Cup,30,"portion size and g/cm2 are estimates; menu_co2_label derived from C (<3 low, 3-10 medium, >=10 high)"
Breakfast,Blueberry Muffin,2.0,2.56,0.522,0.49,0.78,1.27,water,low,,,wheat 0.35; sugar 0.25; veg oil 0.12; eggs 0.1; milk 0.1; berries 0.1,Muffin,113,"portion size and g/cm2 are estimates; menu_co2_label derived from C (<3 low, 3-10 medium, >=10 high)"
Breakfast,Croissant,1.0,7.91,1.739,1.5,2.61,4.11,water,medium,,,wheat 0.55; butter 0.25; milk 0.05; eggs 0.05; sugar 0.05,Croissant,57,"portion size and g/cm2 are estimates; menu_co2_label derived from C (<3 low, 3-10 medium, >=10 high)"
Breakfast,Cheese Danish,1.0,7.46,1.611,1.42,2.42,3.83,water,medium,,,wheat 0.45; butter 0.18; cream cheese 0.2; sugar 0.12; eggs 0.05,Piece,70,"portion size and g/cm2 are estimates; menu_co2_label derived from C (<3 low, 3-10 medium, >=10 high)"
Breakfast,Cinnamon Roll,1.6,5.03,1.132,0.96,1.7,2.65,water,medium,,,wheat 0.5; sugar 0.25; butter 0.12; milk 0.08; eggs 0.05,Roll,100,"portion size and g/cm2 are estimates; menu_co2_label derived from C (<3 low, 3-10 medium, >=10 high)"
Breakfast,Glazed Donut,1.0,2.49,0.49,0.47,0.74,1.21,water,low,,,wheat 0.4; sugar 0.25; veg oil 0.2; milk 0.08; eggs 0.05,Piece,70,"portion size and g/cm2 are estimates; menu_co2_label derived from C (<3 low, 3-10 medium, >=10 high)"
Breakfast,Quiche Lorraine,2.0,10.59,2.048,2.01,3.07,5.08,water,high,,,eggs 0.3; cream 0.25; bacon 0.05; cheese 0.1; wheat 0.15; butter 0.07,Slice,150,"portion size and g/cm2 are estimates; menu_co2_label derived from C (<3 low, 3-10 medium, >=10 high)"
Breakfast,Spinach Quiche,2.0,8.95,1.812,1.7,2.72,4.42,water,medium,,,eggs 0.3; cream 0.25; other veg 0.15; cheese 0.1; wheat 0.15; butter 0.07,Slice,150,"portion size and g/cm2 are estimates; menu_co2_label derived from C (<3 low, 3-10 medium, >=10 high)"
Breakfast,Tofu Scramble,1.5,2.73,0.139,0.52,0.21,0.73,carbon,low,,,tofu 0.8; other veg 0.12; onions 0.05; veg oil 0.03,Serving,220,"portion size and g/cm2 are estimates; menu_co2_label derived from C (<3 low, 3-10 medium, >=10 high)"
Breakfast,Avocado Toast,1.4,1.37,0.436,0.26,0.65,0.91,water,low,,,wheat 0.5; other fruit 0.45; olive oil 0.02,Slice,130,"avocado modeled as 'other fruit'; portion size and g/cm2 are estimates; menu_co2_label derived from C (<3 low, 3-10 medium, >=10 high)"
Breakfast,Chicken and Waffles,1.4,6.86,0.799,1.3,1.2,2.5,carbon,medium,,,chicken cooked 0.35; wheat 0.32; milk 0.12; veg oil 0.08; eggs 0.05; butter 0.03,Plate,250,"portion size and g/cm2 are estimates; menu_co2_label derived from C (<3 low, 3-10 medium, >=10 high)"
Breakfast,Eggs Benedict,1.8,7.79,1.414,1.48,2.12,3.6,water,medium,,,eggs 0.35; deli ham 0.12; wheat 0.25; butter 0.15,Sandwich,150,"portion size and g/cm2 are estimates; menu_co2_label derived from C (<3 low, 3-10 medium, >=10 high)"
Breakfast,Shakshuka,1.5,2.82,0.442,0.54,0.66,1.2,water,low,,,eggs 0.35; tomatoes 0.45; onions 0.08; other veg 0.08; olive oil 0.03,Serving,220,"portion size and g/cm2 are estimates; menu_co2_label derived from C (<3 low, 3-10 medium, >=10 high)"
Breakfast,Huevos Rancheros,1.5,3.73,0.649,0.71,0.97,1.68,water,medium,,,eggs 0.3; tortilla corn 0.25; beans cooked 0.15; tomatoes 0.2; cheese 0.06; veg oil 0.03,Serving,220,"portion size and g/cm2 are estimates; menu_co2_label derived from C (<3 low, 3-10 medium, >=10 high)"
Breakfast,Corned Beef Hash,1.5,42.19,0.649,8.02,0.97,8.99,carbon,high,,,ground beef cooked 0.3; potatoes 0.5; onions 0.06; veg oil 0.04,Serving,220,"portion size and g/cm2 are estimates; menu_co2_label derived from C (<3 low, 3-10 medium, >=10 high)"
Breakfast,Smoothie Bowl,1.6,1.5,0.319,0.29,0.48,0.76,water,low,,,bananas 0.35; berries 0.35; yogurt 0.15; oats 0.05,Cup,220,"portion size and g/cm2 are estimates; menu_co2_label derived from C (<3 low, 3-10 medium, >=10 high)"
Entree,Grilled Chicken Breast,1.2,13.43,0.934,2.55,1.4,3.95,carbon,high,,,chicken cooked 1; olive oil 0.02,4 oz Portion,120,"portion size and g/cm2 are estimates; menu_co2_label derived from C (<3 low, 3-10 medium, >=10 high)"
Entree,Baked Chicken Thigh,1.2,13.4,0.896,2.55,1.34,3.89,carbon,high,,,chicken cooked 1; veg oil 0.02,4 oz Portion,120,"portion size and g/cm2 are estimates; menu_co2_label derived from C (<3 low, 3-10 medium, >=10 high)"
Entree,Fried Chicken,1.2,11.37,0.832,2.16,1.25,3.41,carbon,high,,,chicken cooked 0.8; wheat 0.12; veg oil 0.1; eggs 0.03,4 oz Portion,120,"portion size and g/cm2 are estimates; menu_co2_label derived from C (<3 low, 3-10 medium, >=10 high)"
Entree,Chicken Tenders,1.0,10.08,0.762,1.92,1.14,3.06,carbon,high,,,chicken cooked 0.7; wheat 0.15; veg oil 0.1; eggs 0.03,Serving,120,"portion size and g/cm2 are estimates; menu_co2_label derived from C (<3 low, 3-10 medium, >=10 high)"
Entree,Chicken Nuggets,1.0,8.07,0.622,1.53,0.93,2.47,carbon,medium,,,chicken cooked 0.55; wheat 0.15; veg oil 0.12; maize 0.03,Serving,120,"portion size and g/cm2 are estimates; menu_co2_label derived from C (<3 low, 3-10 medium, >=10 high)"
Entree,Buffalo Wings,1.0,14.59,1.114,2.77,1.67,4.44,carbon,high,,,chicken cooked 1; veg oil 0.06; butter 0.04,Serving,150,"portion size and g/cm2 are estimates; menu_co2_label derived from C (<3 low, 3-10 medium, >=10 high)"
Entree,Boneless Wings,1.0,10.72,0.901,2.04,1.35,3.39,carbon,high,,,chicken cooked 0.7; wheat 0.15; veg oil 0.1; butter 0.03,Serving,150,"portion size and g/cm2 are estimates; menu_co2_label derived from C (<3 low, 3-10 medium, >=10 high)"
Entree,Rotisserie Chicken,1.2,13.32,0.891,2.53,1.34,3.87,carbon,high,,,chicken cooked 1,4 oz Portion,120,"portion size and g/cm2 are estimates; menu_co2_label derived from C (<3 low, 3-10 medium, >=10 high)"
Entree,Bbq Chicken,1.2,12.22,0.841,2.32,1.26,3.58,carbon,high,,,chicken cooked 0.9; sugar 0.04; tomatoes 0.06,4 oz Portion,120,"portion size and g/cm2 are estimates; menu_co2_label derived from C (<3 low, 3-10 medium, >=10 high)"
Entree,Jerk Chicken,1.2,12.79,0.854,2.43,1.28,3.71,carbon,high,,,chicken cooked 0.95; veg oil 0.03; onions 0.03,4 oz Portion,120,"portion size and g/cm2 are estimates; menu_co2_label derived from C (<3 low, 3-10 medium, >=10 high)"
Entree,Lemon Herb Chicken,1.2,12.83,0.913,2.44,1.37,3.81,carbon,high,,,chicken cooked 0.95; olive oil 0.03; citrus 0.03,4 oz Portion,120,"portion size and g/cm2 are estimates; menu_co2_label derived from C (<3 low, 3-10 medium, >=10 high)"
Entree,Teriyaki Chicken,1.2,11.51,0.791,2.19,1.19,3.37,carbon,high,,,chicken cooked 0.85; sugar 0.06; pulses 0.02,4 oz Portion,120,"portion size and g/cm2 are estimates; menu_co2_label derived from C (<3 low, 3-10 medium, >=10 high)"
Entree,Orange Chicken,1.2,8.85,0.678,1.68,1.02,2.7,carbon,medium,,,chicken cooked 0.6; wheat 0.1; veg oil 0.1; sugar 0.12; citrus 0.05,4 oz Portion,120,"portion size and g/cm2 are estimates; menu_co2_label derived from C (<3 low, 3-10 medium, >=10 high)"
Entree,General Tso's Chicken,1.2,8.76,0.618,1.66,0.93,2.59,carbon,medium,,,chicken cooked 0.6; maize 0.08; veg oil 0.1; sugar 0.1,4 oz Portion,120,"portion size and g/cm2 are estimates; menu_co2_label derived from C (<3 low, 3-10 medium, >=10 high)"
Entree,Sesame Chicken,1.2,8.77,0.7,1.67,1.05,2.72,carbon,medium,,,chicken cooked 0.6; maize 0.08; veg oil 0.1; sugar 0.1; nuts 0.02,4 oz Portion,120,"portion size and g/cm2 are estimates; menu_co2_label derived from C (<3 low, 3-10 medium, >=10 high)"
Entree,Kung Pao Chicken,1.2,8.82,0.703,1.68,1.05,2.73,carbon,medium,,,chicken cooked 0.62; groundnuts 0.06; other veg 0.12; veg oil 0.06; sugar 0.03,4 oz Portion,120,"portion size and g/cm2 are estimates; menu_co2_label derived from C (<3 low, 3-10 medium, >=10 high)"
Entree,Chicken Stir Fry,1.4,5.68,0.399,1.08,0.6,1.68,carbon,medium,,,chicken cooked 0.4; brassicas 0.12; other veg 0.15; onions 0.05; veg oil 0.05,1 Cup,260,"portion size and g/cm2 are estimates; menu_co2_label derived from C (<3 low, 3-10 medium, >=10 high)"
Entree,Chicken Parmesan,1.5,12.38,1.514,2.35,2.27,4.62,carbon,high,,,chicken cooked 0.6; wheat 0.08; cheese 0.15; tomatoes 0.15; veg oil 0.06; eggs 0.03,Serving,220,"portion size and g/cm2 are estimates; menu_co2_label derived from C (<3 low, 3-10 medium, >=10 high)"
Entree,Chicken Marsala,1.2,10.31,0.85,1.96,1.27,3.23,carbon,high,,,chicken cooked 0.68; other veg 0.12; wine 0.05; butter 0.04; wheat 0.03,4 oz Portion,120,"portion size and g/cm2 are estimates; menu_co2_label derived from C (<3 low, 3-10 medium, >=10 high)"
Entree,Chicken Piccata,1.2,11.02,0.967,2.09,1.45,3.54,carbon,high,,,chicken cooked 0.7; butter 0.06; citrus 0.03; wheat 0.04; wine 0.03,4 oz Portion,120,"portion size and g/cm2 are estimates; menu_co2_label derived from C (<3 low, 3-10 medium, >=10 high)"
Entree,Chicken Cordon Bleu,1.5,12.38,1.401,2.35,2.1,4.45,carbon,high,,,chicken cooked 0.6; deli ham 0.1; cheese 0.1; wheat 0.08; veg oil 0.05; eggs 0.03,Serving,220,"portion size and g/cm2 are estimates; menu_co2_label derived from C (<3 low, 3-10 medium, >=10 high)"
Entree,Chicken Pot Pie,1.4,5.9,0.85,1.12,1.28,2.4,water,medium,,,chicken cooked 0.22; wheat 0.2; butter 0.08; milk 0.15; other veg 0.12; root veg 0.06,1 Cup,260,"portion size and g/cm2 are estimates; menu_co2_label derived from C (<3 low, 3-10 medium, >=10 high)"
Entree,Chicken Fajitas,1.4,6.31,0.433,1.2,0.65,1.85,carbon,medium,,,chicken cooked 0.45; other veg 0.2; onions 0.12; veg oil 0.04,1 Cup,260,"portion size and g/cm2 are estimates; menu_co2_label derived from C (<3 low, 3-10 medium, >=10 high)"
Entree,Chicken Shawarma,1.6,11.39,0.853,2.16,1.28,3.44,carbon,high,,,chicken cooked 0.82; yogurt 0.08; olive oil 0.03; onions 0.03,Wrap,220,"portion size and g/cm2 are estimates; menu_co2_label derived from C (<3 low, 3-10 medium, >=10 high)"
Entree,Roast Turkey Breast,1.2,13.32,0.891,2.53,1.34,3.87,carbon,high,,,poultry 1.35,4 oz Portion,120,"portion size and g/cm2 are estimates; menu_co2_label derived from C (<3 low, 3-10 medium, >=10 high)"
Entree,Turkey Meatballs,1.6,9.76,0.708,1.85,1.06,2.92,carbon,medium,,,poultry 0.95; wheat 0.08; eggs 0.05; onions 0.04,Serving,140,"portion size and g/cm2 are estimates; menu_co2_label derived from C (<3 low, 3-10 medium, >=10 high)"
Entree,Turkey Burger Patty,1.8,13.32,0.891,2.53,1.34,3.87,carbon,high,,,poultry 1.35,Patty,113,"portion size and g/cm2 are estimates; menu_co2_label derived from C (<3 low, 3-10 medium, >=10 high)"
Entree,Chicken Salad,1.4,7.62,0.516,1.45,0.77,2.22,carbon,medium,,,chicken cooked 0.52; mayo 0.2; other veg 0.06,1/2 Cup,120,"portion size and g/cm2 are estimates; menu_co2_label derived from C (<3 low, 3-10 medium, >=10 high)"
Entree,Popcorn Chicken,1.0,8.02,0.616,1.52,0.92,2.45,carbon,medium,,,chicken cooked 0.55; wheat 0.15; veg oil 0.12,Serving,120,"portion size and g/cm2 are estimates; menu_co2_label derived from C (<3 low, 3-10 medium, >=10 high)"
Entree,Honey Garlic Chicken,1.2,11.53,0.791,2.19,1.19,3.38,carbon,high,,,chicken cooked 0.85; sugar 0.08,4 oz Portion,120,"portion size and g/cm2 are estimates; menu_co2_label derived from C (<3 low, 3-10 medium, >=10 high)"
Entree,Chicken Katsu,1.5,9.5,0.707,1.8,1.06,2.87,carbon,medium,,,chicken cooked 0.66; wheat 0.12; veg oil 0.1; eggs 0.03,Serving,220,"portion size and g/cm2 are estimates; menu_co2_label derived from C (<3 low, 3-10 medium, >=10 high)"
Entree,Chicken and Dumplings,1.4,4.31,0.518,0.82,0.78,1.6,carbon,medium,,,chicken cooked 0.22; wheat 0.15; milk 0.1; butter 0.03; root veg 0.06; other veg 0.04,1 Cup,260,"portion size and g/cm2 are estimates; menu_co2_label derived from C (<3 low, 3-10 medium, >=10 high)"
Entree,Garlic Parmesan Wings,1.0,15.59,1.376,2.96,2.06,5.02,carbon,high,,,chicken cooked 1; butter 0.05; cheese 0.04,Serving,150,"portion size and g/cm2 are estimates; menu_co2_label derived from C (<3 low, 3-10 medium, >=10 high)"
Entree,Chicken Drumsticks,1.0,13.32,0.891,2.53,1.34,3.87,carbon,high,,,chicken cooked 1,Serving,150,"portion size and g/cm2 are estimates; menu_co2_label derived from C (<3 low, 3-10 medium, >=10 high)"
Entree,Hamburger,2.5,60.47,1.096,11.49,1.64,13.13,carbon,high,,,ground beef cooked 0.43; wheat 0.32; other veg 0.04; tomatoes 0.03,Burger,200,"portion size and g/cm2 are estimates; menu_co2_label derived from C (<3 low, 3-10 medium, >=10 high)"
Entree,Cheeseburger,2.5,58.17,1.471,11.05,2.21,13.26,carbon,high,,,ground beef cooked 0.4; wheat 0.3; cheese 0.08; other veg 0.04; tomatoes 0.03,Burger,200,"portion size and g/cm2 are estimates; menu_co2_label derived from C (<3 low, 3-10 medium, >=10 high)"
Entree,Bacon Cheeseburger,2.5,53.97,1.553,10.25,2.33,12.58,carbon,high,,,ground beef cooked 0.36; wheat 0.27; cheese 0.07; bacon 0.05; other veg 0.03,Burger,200,"portion size and g/cm2 are estimates; menu_co2_label derived from C (<3 low, 3-10 medium, >=10 high)"
Entree,Double Cheeseburger,2.8,72.34,1.706,13.74,2.56,16.3,carbon,high,,,ground beef cooked 0.5; wheat 0.2; cheese 0.1,Burger,280,"portion size and g/cm2 are estimates; menu_co2_label derived from C (<3 low, 3-10 medium, >=10 high)"
Entree,Beef Meatballs,1.6,101.4,1.725,19.27,2.59,21.85,carbon,high,,,ground beef cooked 0.72; wheat 0.1; eggs 0.05; cheese 0.03; onions 0.04,Serving,140,"portion size and g/cm2 are estimates; menu_co2_label derived from C (<3 low, 3-10 medium, >=10 high)"
Entree,Swedish Meatballs,1.6,68.22,1.685,12.96,2.53,15.49,carbon,high,,,ground beef cooked 0.46; pork cooked 0.11; cream 0.12; wheat 0.06; butter 0.03,Serving,140,"portion size and g/cm2 are estimates; menu_co2_label derived from C (<3 low, 3-10 medium, >=10 high)"
Entree,Meatloaf,1.6,95.29,1.504,18.11,2.26,20.36,carbon,high,,,ground beef cooked 0.68; wheat 0.1; eggs 0.06; tomatoes 0.06; onions 0.05,Serving,140,"portion size and g/cm2 are estimates; menu_co2_label derived from C (<3 low, 3-10 medium, >=10 high)"
Entree,Sloppy Joe,1.4,45.47,0.917,8.64,1.38,10.02,carbon,high,,,ground beef cooked 0.32; tomatoes 0.15; sugar 0.04; wheat 0.3; onions 0.04,5 oz Portion,140,"portion size and g/cm2 are estimates; menu_co2_label derived from C (<3 low, 3-10 medium, >=10 high)"
Entree,Beef Stir Fry,1.4,54.07,0.826,10.27,1.24,11.51,carbon,high,,,beef cooked 0.4; brassicas 0.12; other veg 0.15; onions 0.05; veg oil 0.05,1 Cup,260,"portion size and g/cm2 are estimates; menu_co2_label derived from C (<3 low, 3-10 medium, >=10 high)"
Entree,Roast Beef,1.4,134.3,1.959,25.52,2.94,28.46,carbon,high,,,beef cooked 1,5 oz Portion,140,"portion size and g/cm2 are estimates; menu_co2_label derived from C (<3 low, 3-10 medium, >=10 high)"
Entree,Pot Roast,1.4,80.77,1.192,15.35,1.79,17.13,carbon,high,,,beef cooked 0.6; potatoes 0.2; root veg 0.15; onions 0.06,5 oz Portion,140,"portion size and g/cm2 are estimates; menu_co2_label derived from C (<3 low, 3-10 medium, >=10 high)"
Entree,Grilled Sirloin Steak,1.5,134.3,1.959,25.52,2.94,28.46,carbon,high,,,beef cooked 1,Portion,150,"portion size and g/cm2 are estimates; menu_co2_label derived from C (<3 low, 3-10 medium, >=10 high)"
Entree,Ribeye Steak,1.5,134.3,1.959,25.52,2.94,28.46,carbon,high,,,beef cooked 1,Portion,150,"portion size and g/cm2 are estimates; menu_co2_label derived from C (<3 low, 3-10 medium, >=10 high)"
Entree,Beef Brisket,1.5,149.22,2.177,28.35,3.27,31.62,carbon,high,,,beef 1.5,Portion,150,"higher cooking shrink than lean cuts; portion size and g/cm2 are estimates; menu_co2_label derived from C (<3 low, 3-10 medium, >=10 high)"
Entree,Beef Stew,1.4,44.62,0.691,8.48,1.04,9.51,carbon,high,,,beef cooked 0.33; potatoes 0.2; root veg 0.15; onions 0.06; tomatoes 0.04; wheat 0.02,1 Cup,260,"portion size and g/cm2 are estimates; menu_co2_label derived from C (<3 low, 3-10 medium, >=10 high)"
Entree,Chili Con Carne,1.4,35.72,0.677,6.79,1.02,7.8,carbon,high,,,ground beef cooked 0.25; beans cooked 0.3; tomatoes 0.3; onions 0.06; other veg 0.05,1 Cup,260,"portion size and g/cm2 are estimates; menu_co2_label derived from C (<3 low, 3-10 medium, >=10 high)"
Entree,Beef and Broccoli,1.4,50.13,0.793,9.52,1.19,10.71,carbon,high,,,beef cooked 0.37; brassicas 0.35; sugar 0.03; veg oil 0.04; maize 0.02,5 oz Portion,140,"portion size and g/cm2 are estimates; menu_co2_label derived from C (<3 low, 3-10 medium, >=10 high)"
Entree,Mongolian Beef,1.4,74.36,1.133,14.13,1.7,15.83,carbon,high,,,beef cooked 0.55; sugar 0.08; onions 0.08; veg oil 0.05; maize 0.04,5 oz Portion,140,"portion size and g/cm2 are estimates; menu_co2_label derived from C (<3 low, 3-10 medium, >=10 high)"
Entree,Shepherd's Pie,1.4,36.29,0.783,6.9,1.17,8.07,carbon,high,,,ground beef cooked 0.25; potatoes 0.45; root veg 0.08; other veg 0.06; milk 0.05; butter 0.04,1 Cup,260,"beef version (cottage pie); portion size and g/cm2 are estimates; menu_co2_label derived from C (<3 low, 3-10 medium, >=10 high)"
Entree,Salisbury Steak,1.5,90.69,1.367,17.23,2.05,19.28,carbon,high,,,ground beef cooked 0.65; wheat 0.06; onions 0.08; other veg 0.06,Portion,150,"portion size and g/cm2 are estimates; menu_co2_label derived from C (<3 low, 3-10 medium, >=10 high)"
Entree,Beef Stroganoff,1.4,45.55,0.933,8.65,1.4,10.05,carbon,high,,,beef cooked 0.33; sour cream 0.12; noodles cooked 0.35; other veg 0.1; onions 0.05,1 Cup,260,"portion size and g/cm2 are estimates; menu_co2_label derived from C (<3 low, 3-10 medium, >=10 high)"
Entree,Corned Beef,1.4,139.27,2.032,26.46,3.05,29.51,carbon,high,,,beef 1.4,5 oz Portion,140,"portion size and g/cm2 are estimates; menu_co2_label derived from C (<3 low, 3-10 medium, >=10 high)"
Entree,Beef Fajitas,1.4,60.75,0.913,11.54,1.37,12.91,carbon,high,,,beef cooked 0.45; other veg 0.2; onions 0.12; veg oil 0.04,1 Cup,260,"portion size and g/cm2 are estimates; menu_co2_label derived from C (<3 low, 3-10 medium, >=10 high)"
Entree,Stuffed Peppers with Beef,1.5,27.16,0.923,5.16,1.38,6.55,carbon,high,,,ground beef cooked 0.18; rice cooked 0.2; other veg 0.4; tomatoes 0.15; cheese 0.05; onions 0.04,Serving,220,"portion size and g/cm2 are estimates; menu_co2_label derived from C (<3 low, 3-10 medium, >=10 high)"
Entree,Cabbage Rolls,1.5,25.97,0.65,4.93,0.97,5.91,carbon,high,,,ground beef cooked 0.18; rice cooked 0.2; brassicas 0.4; tomatoes 0.15; onions 0.05,Serving,220,"portion size and g/cm2 are estimates; menu_co2_label derived from C (<3 low, 3-10 medium, >=10 high)"
Entree,Braised Short Ribs,1.5,149.22,2.177,28.35,3.27,31.62,carbon,high,,,beef 1.5,Portion,150,"portion size and g/cm2 are estimates; menu_co2_label derived from C (<3 low, 3-10 medium, >=10 high)"
Entree,Pork Chop,1.5,16.62,2.424,3.16,3.64,6.79,water,high,,,pork cooked 1,Portion,150,"portion size and g/cm2 are estimates; menu_co2_label derived from C (<3 low, 3-10 medium, >=10 high)"
Entree,Pork Loin Roast,1.2,16.62,2.424,3.16,3.64,6.79,water,high,,,pork cooked 1,4 oz Portion,120,"portion size and g/cm2 are estimates; menu_co2_label derived from C (<3 low, 3-10 medium, >=10 high)"
Entree,Pulled Pork,1.2,17.44,2.55,3.31,3.82,7.14,water,high,,,pork 1.4; sugar 0.05; tomatoes 0.04,4 oz Portion,120,"portion size and g/cm2 are estimates; menu_co2_label derived from C (<3 low, 3-10 medium, >=10 high)"
Entree,Bbq Pork Ribs,1.5,17.56,2.57,3.34,3.85,7.19,water,high,,,pork 1.4; sugar 0.08; tomatoes 0.06,Portion,150,"portion size and g/cm2 are estimates; menu_co2_label derived from C (<3 low, 3-10 medium, >=10 high)"
Entree,Baked Ham,1.2,15.46,2.257,2.94,3.39,6.32,water,high,,,deli ham 1; sugar 0.03,4 oz Portion,120,"portion size and g/cm2 are estimates; menu_co2_label derived from C (<3 low, 3-10 medium, >=10 high)"
Entree,Hot Dog,1.6,28.58,1.071,5.43,1.61,7.04,carbon,high,,,pork 0.25; beef 0.25; wheat 0.4,Link,100,"frank (beef/pork blend) in a bun; portion size and g/cm2 are estimates; menu_co2_label derived from C (<3 low, 3-10 medium, >=10 high)"
Entree,Bratwurst,1.6,16.0,2.335,3.04,3.5,6.54,water,high,,,sausage cooked 1,Link,100,"portion size and g/cm2 are estimates; menu_co2_label derived from C (<3 low, 3-10 medium, >=10 high)"
Entree,Italian Sausage,1.6,16.0,2.335,3.04,3.5,6.54,water,high,,,sausage cooked 1,Link,100,"portion size and g/cm2 are estimates; menu_co2_label derived from C (<3 low, 3-10 medium, >=10 high)"
Entree,Kielbasa,1.6,32.21,2.086,6.12,3.13,9.25,carbon,high,,,pork 1; beef 0.2,Link,100,"portion size and g/cm2 are estimates; menu_co2_label derived from C (<3 low, 3-10 medium, >=10 high)"
Entree,Pork Schnitzel,1.5,11.65,1.72,2.21,2.58,4.79,water,high,,,pork cooked 0.66; wheat 0.12; eggs 0.04; veg oil 0.08,Portion,150,"portion size and g/cm2 are estimates; menu_co2_label derived from C (<3 low, 3-10 medium, >=10 high)"
Entree,Sweet and Sour Pork,1.2,8.36,1.229,1.59,1.84,3.43,water,medium,,,pork cooked 0.45; wheat 0.08; veg oil 0.1; sugar 0.1; other fruit 0.08; other veg 0.08,4 oz Portion,120,"portion size and g/cm2 are estimates; menu_co2_label derived from C (<3 low, 3-10 medium, >=10 high)"
Entree,Char Siu Bbq Pork,1.2,15.21,2.224,2.89,3.34,6.23,water,high,,,pork cooked 0.9; sugar 0.1,4 oz Portion,120,"portion size and g/cm2 are estimates; menu_co2_label derived from C (<3 low, 3-10 medium, >=10 high)"
Entree,Pork Adobo,1.4,15.84,2.311,3.01,3.47,6.48,water,high,,,pork cooked 0.95; sugar 0.02,1 Cup,260,"portion size and g/cm2 are estimates; menu_co2_label derived from C (<3 low, 3-10 medium, >=10 high)"
Entree,Lamb Gyro Meat,1.2,67.6,1.842,12.84,2.76,15.61,carbon,high,,,lamb 0.7; beef 0.4,4 oz Portion,113,"typical lamb/beef gyro cone; portion size and g/cm2 are estimates; menu_co2_label derived from C (<3 low, 3-10 medium, >=10 high)"
Entree,Lamb Chops,1.5,53.62,2.434,10.19,3.65,13.84,carbon,high,,,lamb cooked 1,Portion,150,"portion size and g/cm2 are estimates; menu_co2_label derived from C (<3 low, 3-10 medium, >=10 high)"
Entree,Roast Leg of Lamb,1.3,53.62,2.434,10.19,3.65,13.84,carbon,high,,,lamb cooked 1,4 oz Portion,120,"portion size and g/cm2 are estimates; menu_co2_label derived from C (<3 low, 3-10 medium, >=10 high)"
Entree,Lamb Curry,1.4,18.43,0.913,3.5,1.37,4.87,carbon,high,,,lamb cooked 0.33; tomatoes 0.15; onions 0.1; yogurt 0.06; veg oil 0.04,1 Cup,260,"portion size and g/cm2 are estimates; menu_co2_label derived from C (<3 low, 3-10 medium, >=10 high)"
Entree,Lamb Kofta,1.6,40.31,1.852,7.66,2.78,10.44,carbon,high,,,lamb cooked 0.75; onions 0.06; wheat 0.04,Serving,140,"portion size and g/cm2 are estimates; menu_co2_label derived from C (<3 low, 3-10 medium, >=10 high)"
Entree,Moussaka,1.4,14.54,1.126,2.76,1.69,4.45,carbon,high,,,lamb cooked 0.22; other veg 0.35; milk 0.12; tomatoes 0.08; cheese 0.05; butter 0.03; wheat 0.02,1 Cup,260,"portion size and g/cm2 are estimates; menu_co2_label derived from C (<3 low, 3-10 medium, >=10 high)"
Entree,Baked Salmon,1.3,17.04,4.614,3.24,6.92,10.16,water,high,,,fish cooked 1,4 oz Portion,113,"finfish modeled as farmed fish; portion size and g/cm2 are estimates; menu_co2_label derived from C (<3 low, 3-10 medium, >=10 high)"
Entree,Teriyaki Salmon,1.3,15.82,4.27,3.01,6.41,9.41,water,high,,,fish cooked 0.92; sugar 0.06,4 oz Portion,113,"portion size and g/cm2 are estimates; menu_co2_label derived from C (<3 low, 3-10 medium, >=10 high)"
Entree,Baked Tilapia,1.3,17.04,4.614,3.24,6.92,10.16,water,high,,,fish cooked 1,4 oz Portion,113,"portion size and g/cm2 are estimates; menu_co2_label derived from C (<3 low, 3-10 medium, >=10 high)"
Entree,Baked Cod,1.3,17.04,4.614,3.24,6.92,10.16,water,high,,,fish cooked 1,4 oz Portion,113,"wild-caught cod modeled as farmed fish (proxy); portion size and g/cm2 are estimates; menu_co2_label derived from C (<3 low, 3-10 medium, >=10 high)"
Entree,Fried Fish,1.3,10.91,2.894,2.07,4.34,6.41,water,high,,,fish cooked 0.6; wheat 0.15; veg oil 0.12,4 oz Portion,113,"portion size and g/cm2 are estimates; menu_co2_label derived from C (<3 low, 3-10 medium, >=10 high)"
Entree,Fish Sticks,1.3,9.02,2.405,1.71,3.61,5.32,water,medium,,,fish cooked 0.48; wheat 0.25; veg oil 0.12,4 oz Portion,113,"portion size and g/cm2 are estimates; menu_co2_label derived from C (<3 low, 3-10 medium, >=10 high)"
Entree,Fish and Chips,1.0,6.33,1.595,1.2,2.39,3.6,water,medium,,,fish cooked 0.32; wheat 0.08; potatoes 0.65; veg oil 0.12,Plate,250,"portion size and g/cm2 are estimates; menu_co2_label derived from C (<3 low, 3-10 medium, >=10 high)"
Entree,Fish Tacos,1.3,5.47,1.37,1.04,2.05,3.09,water,medium,,,fish cooked 0.28; tortilla corn 0.3; brassicas 0.15; mayo 0.05; veg oil 0.04,2 Tacos,180,"portion size and g/cm2 are estimates; menu_co2_label derived from C (<3 low, 3-10 medium, >=10 high)"
Entree,Tuna Salad,1.4,10.3,2.641,1.96,3.96,5.92,water,high,,,fish 0.7; mayo 0.22; other veg 0.06,1/2 Cup,120,"canned tuna modeled as farmed fish (proxy); portion size and g/cm2 are estimates; menu_co2_label derived from C (<3 low, 3-10 medium, >=10 high)"
Entree,Grilled Shrimp,1.3,32.24,4.218,6.13,6.33,12.45,water,high,,,shrimp cooked 1,4 oz Portion,113,"portion size and g/cm2 are estimates; menu_co2_label derived from C (<3 low, 3-10 medium, >=10 high)"
Entree,Fried Shrimp,1.3,20.68,2.741,3.93,4.11,8.04,water,high,,,shrimp cooked 0.62; wheat 0.15; veg oil 0.12,4 oz Portion,113,"portion size and g/cm2 are estimates; menu_co2_label derived from C (<3 low, 3-10 medium, >=10 high)"
Entree,Shrimp Scampi,1.3,12.31,1.907,2.34,2.86,5.2,water,high,,,shrimp cooked 0.3; pasta cooked 0.55; butter 0.08; olive oil 0.03,4 oz Portion,113,"portion size and g/cm2 are estimates; menu_co2_label derived from C (<3 low, 3-10 medium, >=10 high)"
Entree,Shrimp and Grits,1.8,11.69,1.778,2.22,2.67,4.89,water,high,,,shrimp cooked 0.25; maize 0.12; cheese 0.06; butter 0.05; bacon 0.02,1 Cup,234,"portion size and g/cm2 are estimates; menu_co2_label derived from C (<3 low, 3-10 medium, >=10 high)"
Entree,Coconut Shrimp,1.3,19.34,2.551,3.67,3.83,7.5,water,high,,,shrimp cooked 0.58; wheat 0.1; other fruit 0.1; veg oil 0.1,4 oz Portion,113,"portion size and g/cm2 are estimates; menu_co2_label derived from C (<3 low, 3-10 medium, >=10 high)"
Entree,Crab Cakes,1.6,17.03,2.238,3.24,3.36,6.59,water,high,,,shrimp 0.6; wheat 0.1; mayo 0.1; eggs 0.05; veg oil 0.05,Slice,100,"crab modeled as farmed shrimp (proxy); portion size and g/cm2 are estimates; menu_co2_label derived from C (<3 low, 3-10 medium, >=10 high)"
Entree,Blackened Catfish,1.3,17.04,4.614,3.24,6.92,10.16,water,high,,,fish cooked 1,4 oz Portion,113,"portion size and g/cm2 are estimates; menu_co2_label derived from C (<3 low, 3-10 medium, >=10 high)"
Entree,Salmon Burger,2.5,13.9,3.747,2.64,5.62,8.26,water,high,,,fish cooked 0.8; wheat 0.05; eggs 0.04,Burger,200,"portion size and g/cm2 are estimates; menu_co2_label derived from C (<3 low, 3-10 medium, >=10 high)"
Plant-Based,Baked Tofu,1.4,3.31,0.164,0.63,0.25,0.88,carbon,medium,,,tofu 1; veg oil 0.03; pulses 0.02,Serving,200,"portion size and g/cm2 are estimates; menu_co2_label derived from C (<3 low, 3-10 medium, >=10 high)"
Plant-Based,Fried Tofu,1.4,3.31,0.168,0.63,0.25,0.88,carbon,medium,,,tofu 0.9; maize 0.05; veg oil 0.1,Serving,200,"portion size and g/cm2 are estimates; menu_co2_label derived from C (<3 low, 3-10 medium, >=10 high)"
Plant-Based,Tofu Stir Fry,1.4,1.83,0.124,0.35,0.19,0.53,carbon,low,,,tofu 0.45; other veg 0.3; brassicas 0.12; veg oil 0.05,1 Cup,260,"portion size and g/cm2 are estimates; menu_co2_label derived from C (<3 low, 3-10 medium, >=10 high)"
Plant-Based,Mapo Tofu,1.4,3.78,0.33,0.72,0.5,1.21,carbon,medium,,,tofu 0.65; pork 0.12; other veg 0.04; veg oil 0.06,Serving,200,"traditional version with pork; portion size and g/cm2 are estimates; menu_co2_label derived from C (<3 low, 3-10 medium, >=10 high)"
Plant-Based,Grilled Tempeh,1.4,3.48,0.163,0.66,0.25,0.91,carbon,medium,,,tofu 1.1,Serving,200,"tempeh modeled with tofu (proxy); portion size and g/cm2 are estimates; menu_co2_label derived from C (<3 low, 3-10 medium, >=10 high)"
Plant-Based,Black Bean Burger Patty,1.8,1.04,0.222,0.2,0.33,0.53,water,low,,,beans cooked 0.55; wheat 0.12; other veg 0.1; onions 0.05; maize 0.05; veg oil 0.04; eggs 0.03,Patty,113,"portion size and g/cm2 are estimates; menu_co2_label derived from C (<3 low, 3-10 medium, >=10 high)"
Plant-Based,Veggie Burger Patty,1.8,0.9,0.209,0.17,0.31,0.48,water,low,,,beans cooked 0.35; other veg 0.35; wheat 0.15; root veg 0.1; veg oil 0.05,Patty,113,"portion size and g/cm2 are estimates; menu_co2_label derived from C (<3 low, 3-10 medium, >=10 high)"
Plant-Based,Plant-based Burger Patty,1.8,1.63,0.259,0.31,0.39,0.7,water,low,,,peas 0.6; palm oil 0.1; veg oil 0.08; potatoes 0.02,Patty,113,"ingredient-based estimate; excludes processing energy, so likely an underestimate; portion size and g/cm2 are estimates; menu_co2_label derived from C (<3 low, 3-10 medium, >=10 high)"
Plant-Based,Falafel,1.4,1.32,0.231,0.25,0.35,0.6,water,low,,,pulses 0.45; onions 0.08; other veg 0.05; veg oil 0.12,Serving,200,"portion size and g/cm2 are estimates; menu_co2_label derived from C (<3 low, 3-10 medium, >=10 high)"
Plant-Based,Vegetable Curry,1.4,0.95,0.131,0.18,0.2,0.38,water,low,,,other veg 0.35; potatoes 0.2; tomatoes 0.15; root veg 0.1; onions 0.08; other fruit 0.08; veg oil 0.05,1 Cup,260,"portion size and g/cm2 are estimates; menu_co2_label derived from C (<3 low, 3-10 medium, >=10 high)"
Plant-Based,Eggplant Parmesan,1.5,4.83,1.054,0.92,1.58,2.5,water,medium,,,other veg 0.5; wheat 0.08; cheese 0.15; tomatoes 0.2; veg oil 0.08; eggs 0.03,Serving,220,"portion size and g/cm2 are estimates; menu_co2_label derived from C (<3 low, 3-10 medium, >=10 high)"
Plant-Based,Vegetarian Stuffed Peppers,1.5,2.47,0.645,0.47,0.97,1.44,water,low,,,other veg 0.45; rice cooked 0.2; beans cooked 0.15; tomatoes 0.15; cheese 0.06; onions 0.05,Serving,220,"portion size and g/cm2 are estimates; menu_co2_label derived from C (<3 low, 3-10 medium, >=10 high)"
Plant-Based,Portobello Mushroom Burger Patty,1.8,0.75,0.188,0.14,0.28,0.42,water,low,,,other veg 1; olive oil 0.04,Patty,113,"portion size and g/cm2 are estimates; menu_co2_label derived from C (<3 low, 3-10 medium, >=10 high)"
Plant-Based,Buddha Bowl,1.8,0.73,0.339,0.14,0.51,0.65,water,low,,,quinoa cooked 0.3; beans cooked 0.15; other veg 0.3; root veg 0.15; nuts 0.03; olive oil 0.04,Bowl,400,"portion size and g/cm2 are estimates; menu_co2_label derived from C (<3 low, 3-10 medium, >=10 high)"
Plant-Based,Veggie Meatballs,1.6,2.12,0.51,0.4,0.77,1.17,water,low,,,beans cooked 0.45; wheat 0.15; other veg 0.25; cheese 0.05; eggs 0.05,Serving,140,"portion size and g/cm2 are estimates; menu_co2_label derived from C (<3 low, 3-10 medium, >=10 high)"
Plant-Based,Vegan Chili,1.4,1.07,0.206,0.2,0.31,0.51,water,low,,,beans cooked 0.45; tomatoes 0.3; other veg 0.15; onions 0.08,1 Cup,260,"portion size and g/cm2 are estimates; menu_co2_label derived from C (<3 low, 3-10 medium, >=10 high)"
Plant-Based,Ratatouille,1.4,1.18,0.267,0.22,0.4,0.62,water,low,,,other veg 0.65; tomatoes 0.25; onions 0.08; olive oil 0.05,Serving,200,"portion size and g/cm2 are estimates; menu_co2_label derived from C (<3 low, 3-10 medium, >=10 high)"
Plant-Based,Vegetable Pot Pie,1.4,3.07,0.669,0.58,1.0,1.59,water,medium,,,other veg 0.2; root veg 0.1; potatoes 0.1; wheat 0.2; butter 0.08; milk 0.15,1 Cup,260,"portion size and g/cm2 are estimates; menu_co2_label derived from C (<3 low, 3-10 medium, >=10 high)"
Plant-Based,Tofu Tikka Masala,1.4,3.21,0.413,0.61,0.62,1.23,water,medium,,,tofu 0.4; tomatoes 0.2; cream 0.1; onions 0.06; veg oil 0.04; yogurt 0.04,1 Cup,260,"portion size and g/cm2 are estimates; menu_co2_label derived from C (<3 low, 3-10 medium, >=10 high)"
Plant-Based,Vegetable Fajitas,1.4,0.63,0.077,0.12,0.12,0.24,carbon,low,,,other veg 0.6; onions 0.25; veg oil 0.05,1 Cup,260,"portion size and g/cm2 are estimates; menu_co2_label derived from C (<3 low, 3-10 medium, >=10 high)"
Pasta,Spaghetti Marinara,1.6,1.14,0.34,0.22,0.51,0.73,water,low,,,pasta cooked 0.7; tomatoes 0.25; olive oil 0.02; onions 0.02,1 1/2 Cups,280,"portion size and g/cm2 are estimates; menu_co2_label derived from C (<3 low, 3-10 medium, >=10 high)"
Pasta,Spaghetti with Meat Sauce,1.6,16.18,0.473,3.07,0.71,3.78,carbon,high,,,pasta cooked 0.6; tomatoes 0.2; ground beef cooked 0.11; onions 0.03,1 1/2 Cups,280,"portion size and g/cm2 are estimates; menu_co2_label derived from C (<3 low, 3-10 medium, >=10 high)"
Pasta,Spaghetti and Meatballs,1.6,21.78,0.558,4.14,0.84,4.97,carbon,high,,,pasta cooked 0.55; tomatoes 0.2; ground beef cooked 0.15; wheat 0.02; eggs 0.01,Serving,140,"portion size and g/cm2 are estimates; menu_co2_label derived from C (<3 low, 3-10 medium, >=10 high)"
Pasta,Penne Alla Vodka,1.6,3.0,0.713,0.57,1.07,1.64,water,low,,,pasta cooked 0.65; tomatoes 0.18; cream 0.12; cheese 0.03,1 1/2 Cups,280,"portion size and g/cm2 are estimates; menu_co2_label derived from C (<3 low, 3-10 medium, >=10 high)"
Pasta,Fettuccine Alfredo,1.6,6.09,1.379,1.16,2.07,3.22,water,medium,,,pasta cooked 0.65; cream 0.2; cheese 0.08; butter 0.05,1 1/2 Cups,280,"portion size and g/cm2 are estimates; menu_co2_label derived from C (<3 low, 3-10 medium, >=10 high)"
Pasta,Chicken Alfredo,1.6,6.64,1.185,1.26,1.78,3.04,water,medium,,,pasta cooked 0.5; chicken cooked 0.15; cream 0.15; cheese 0.06; butter 0.04,1 1/2 Cups,280,"portion size and g/cm2 are estimates; menu_co2_label derived from C (<3 low, 3-10 medium, >=10 high)"
Pasta,Macaroni and Cheese,1.6,6.84,1.615,1.3,2.42,3.72,water,medium,,,pasta cooked 0.55; cheese 0.2; milk 0.2; butter 0.04,1 1/2 Cups,280,"portion size and g/cm2 are estimates; menu_co2_label derived from C (<3 low, 3-10 medium, >=10 high)"
Pasta,Baked Ziti,1.6,4.05,0.982,0.77,1.47,2.24,water,medium,,,pasta cooked 0.55; tomatoes 0.2; cheese 0.12; ricotta 0.08,1 1/2 Cups,280,"portion size and g/cm2 are estimates; menu_co2_label derived from C (<3 low, 3-10 medium, >=10 high)"
Pasta,Beef Lasagna,1.6,25.57,1.394,4.86,2.09,6.95,carbon,high,,,pasta cooked 0.3; ground beef cooked 0.15; cheese 0.15; ricotta 0.08; tomatoes 0.2; eggs 0.02,1 1/2 Cups,280,"portion size and g/cm2 are estimates; menu_co2_label derived from C (<3 low, 3-10 medium, >=10 high)"
Pasta,Vegetable Lasagna,1.6,4.75,1.108,0.9,1.66,2.56,water,medium,,,pasta cooked 0.3; other veg 0.3; cheese 0.15; ricotta 0.08; tomatoes 0.2,1 1/2 Cups,280,"portion size and g/cm2 are estimates; menu_co2_label derived from C (<3 low, 3-10 medium, >=10 high)"
Pasta,Pesto Pasta,1.6,2.2,0.841,0.42,1.26,1.68,water,low,,,pasta cooked 0.75; olive oil 0.08; cheese 0.05; other veg 0.05; nuts 0.04,1 1/2 Cups,280,"portion size and g/cm2 are estimates; menu_co2_label derived from C (<3 low, 3-10 medium, >=10 high)"
Pasta,Pasta Primavera,1.6,1.48,0.445,0.28,0.67,0.95,water,low,,,pasta cooked 0.55; other veg 0.3; olive oil 0.04; cheese 0.03,1 1/2 Cups,280,"portion size and g/cm2 are estimates; menu_co2_label derived from C (<3 low, 3-10 medium, >=10 high)"
Pasta,Cheese Ravioli,1.6,4.72,1.131,0.9,1.7,2.59,water,medium,,,wheat 0.35; eggs 0.06; cheese 0.12; ricotta 0.15; tomatoes 0.15,1 1/2 Cups,280,"portion size and g/cm2 are estimates; menu_co2_label derived from C (<3 low, 3-10 medium, >=10 high)"
Pasta,Cheese Tortellini,1.6,4.34,1.072,0.82,1.61,2.43,water,medium,,,wheat 0.4; eggs 0.08; cheese 0.12; ricotta 0.1,1 1/2 Cups,280,"portion size and g/cm2 are estimates; menu_co2_label derived from C (<3 low, 3-10 medium, >=10 high)"
Pasta,Stuffed Shells,1.6,3.68,0.837,0.7,1.26,1.95,water,medium,,,pasta cooked 0.35; ricotta 0.2; cheese 0.08; other veg 0.12; tomatoes 0.2; eggs 0.02,1 1/2 Cups,280,"portion size and g/cm2 are estimates; menu_co2_label derived from C (<3 low, 3-10 medium, >=10 high)"
Pasta,Pasta Carbonara,1.6,4.62,0.944,0.88,1.42,2.29,water,medium,,,pasta cooked 0.6; eggs 0.12; bacon 0.05; cheese 0.08,1 1/2 Cups,280,"portion size and g/cm2 are estimates; menu_co2_label derived from C (<3 low, 3-10 medium, >=10 high)"
Pasta,Potato Gnocchi,1.6,0.9,0.226,0.17,0.34,0.51,water,low,,,potatoes 0.7; wheat 0.25; eggs 0.04,1 1/2 Cups,280,"portion size and g/cm2 are estimates; menu_co2_label derived from C (<3 low, 3-10 medium, >=10 high)"
Pasta,Buttered Noodles,1.6,2.22,0.58,0.42,0.87,1.29,water,low,,,pasta cooked 0.92; butter 0.06,1 1/2 Cups,280,"portion size and g/cm2 are estimates; menu_co2_label derived from C (<3 low, 3-10 medium, >=10 high)"
Pasta,Cajun Chicken Pasta,1.6,4.64,0.796,0.88,1.19,2.08,water,medium,,,pasta cooked 0.5; chicken cooked 0.13; cream 0.15; other veg 0.06; cheese 0.03,1 1/2 Cups,280,"portion size and g/cm2 are estimates; menu_co2_label derived from C (<3 low, 3-10 medium, >=10 high)"
Pasta,Tuna Noodle Casserole,1.4,4.73,1.189,0.9,1.78,2.68,water,medium,,,noodles cooked 0.45; fish 0.15; milk 0.15; cream 0.05; other veg 0.1; cheese 0.05,1/2 Cup,120,"portion size and g/cm2 are estimates; menu_co2_label derived from C (<3 low, 3-10 medium, >=10 high)"
Sides,Steamed White Rice,1.6,1.78,0.899,0.34,1.35,1.69,water,low,,,rice cooked 1,1 Cup,158,"portion size and g/cm2 are estimates; menu_co2_label derived from C (<3 low, 3-10 medium, >=10 high)"
Sides,Brown Rice,1.6,1.78,0.899,0.34,1.35,1.69,water,low,,,rice cooked 1,1 Cup,158,"portion size and g/cm2 are estimates; menu_co2_label derived from C (<3 low, 3-10 medium, >=10 high)"
Sides,Jasmine Rice,1.6,1.78,0.899,0.34,1.35,1.69,water,low,,,rice cooked 1,1 Cup,158,"portion size and g/cm2 are estimates; menu_co2_label derived from C (<3 low, 3-10 medium, >=10 high)"
Sides,Vegetable Fried Rice,1.4,1.98,0.745,0.38,1.12,1.49,water,low,,,rice cooked 0.75; eggs 0.08; other veg 0.12; veg oil 0.05; onions 0.03,1 Cup,200,"portion size and g/cm2 are estimates; menu_co2_label derived from C (<3 low, 3-10 medium, >=10 high)"
Sides,Rice Pilaf,1.6,2.4,0.954,0.46,1.43,1.89,water,low,,,rice cooked 0.85; onions 0.05; wheat 0.05; butter 0.03,1 Cup,158,"portion size and g/cm2 are estimates; menu_co2_label derived from C (<3 low, 3-10 medium, >=10 high)"
Sides,Spanish Rice,1.6,1.81,0.772,0.34,1.16,1.5,water,low,,,rice cooked 0.8; tomatoes 0.12; onions 0.05; veg oil 0.03,1 Cup,158,"portion size and g/cm2 are estimates; menu_co2_label derived from C (<3 low, 3-10 medium, >=10 high)"
Sides,Cilantro Lime Rice,1.6,1.77,0.861,0.34,1.29,1.63,water,low,,,rice cooked 0.95; citrus 0.02; veg oil 0.02,1 Cup,158,"portion size and g/cm2 are estimates; menu_co2_label derived from C (<3 low, 3-10 medium, >=10 high)"
Sides,Coconut Rice,1.6,1.55,0.705,0.29,1.06,1.35,water,low,,,rice cooked 0.75; other fruit 0.2,1 Cup,158,"coconut milk modeled as 'other fruit'; portion size and g/cm2 are estimates; menu_co2_label derived from C (<3 low, 3-10 medium, >=10 high)"
Sides,Mushroom Risotto,1.8,4.23,1.289,0.8,1.93,2.74,water,medium,,,rice 0.3; other veg 0.15; cheese 0.06; butter 0.05; wine 0.03; onions 0.04,1/2 Cup,130,"portion size and g/cm2 are estimates; menu_co2_label derived from C (<3 low, 3-10 medium, >=10 high)"
Sides,Rice and Beans,1.6,1.34,0.569,0.25,0.85,1.11,water,low,,,rice cooked 0.55; beans cooked 0.4; veg oil 0.02,1/2 Cup,130,"portion size and g/cm2 are estimates; menu_co2_label derived from C (<3 low, 3-10 medium, >=10 high)"
Sides,Quinoa,1.6,0.55,0.227,0.1,0.34,0.44,water,low,,,quinoa cooked 1,1 Cup,158,"proxy: quinoa not in source dataset; portion size and g/cm2 are estimates; menu_co2_label derived from C (<3 low, 3-10 medium, >=10 high)"
Sides,Couscous,1.6,0.66,0.272,0.13,0.41,0.53,water,low,,,wheat 0.42,1 Cup,158,"portion size and g/cm2 are estimates; menu_co2_label derived from C (<3 low, 3-10 medium, >=10 high)"
Sides,Bulgur Pilaf,1.6,0.81,0.324,0.15,0.49,0.64,water,low,,,wheat 0.4; onions 0.04; olive oil 0.03,1 Cup,158,"portion size and g/cm2 are estimates; menu_co2_label derived from C (<3 low, 3-10 medium, >=10 high)"
Sides,Creamy Polenta,1.8,1.87,0.372,0.36,0.56,0.91,water,low,,,maize 0.22; butter 0.03; cheese 0.03,1/2 Cup,130,"portion size and g/cm2 are estimates; menu_co2_label derived from C (<3 low, 3-10 medium, >=10 high)"
Sides,Mashed Potatoes,1.8,2.01,0.373,0.38,0.56,0.94,water,low,,,potatoes 0.85; milk 0.1; butter 0.05,1/2 Cup,130,"portion size and g/cm2 are estimates; menu_co2_label derived from C (<3 low, 3-10 medium, >=10 high)"
Sides,Baked Potato,2.2,0.46,0.059,0.09,0.09,0.18,water,low,,,potatoes 1,Potato,200,"portion size and g/cm2 are estimates; menu_co2_label derived from C (<3 low, 3-10 medium, >=10 high)"
Sides,Loaded Baked Potato,2.2,4.63,0.913,0.88,1.37,2.25,water,medium,,,potatoes 0.7; cheese 0.08; sour cream 0.08; bacon 0.03; butter 0.03,Potato,300,"portion size and g/cm2 are estimates; menu_co2_label derived from C (<3 low, 3-10 medium, >=10 high)"
Sides,French Fries,0.7,1.19,0.123,0.23,0.18,0.41,carbon,low,,,potatoes 1.6; veg oil 0.12,Serving,110,"portion size and g/cm2 are estimates; menu_co2_label derived from C (<3 low, 3-10 medium, >=10 high)"
Sides,Curly Fries,0.7,1.25,0.148,0.24,0.22,0.46,carbon,low,,,potatoes 1.4; wheat 0.05; veg oil 0.14,Serving,110,"portion size and g/cm2 are estimates; menu_co2_label derived from C (<3 low, 3-10 medium, >=10 high)"
Sides,Sweet Potato Fries,0.7,1.15,0.078,0.22,0.12,0.33,carbon,low,,,root veg 1.5; maize 0.03; veg oil 0.12,Serving,110,"portion size and g/cm2 are estimates; menu_co2_label derived from C (<3 low, 3-10 medium, >=10 high)"
Sides,Tater Tots,1.0,1.08,0.118,0.21,0.18,0.38,carbon,low,,,potatoes 1.3; wheat 0.02; veg oil 0.12,9 Tots,85,"portion size and g/cm2 are estimates; menu_co2_label derived from C (<3 low, 3-10 medium, >=10 high)"
Sides,Roasted Potatoes,1.5,0.72,0.151,0.14,0.23,0.36,water,low,,,potatoes 1.1; olive oil 0.04,1/2 Cup,120,"portion size and g/cm2 are estimates; menu_co2_label derived from C (<3 low, 3-10 medium, >=10 high)"
Sides,Potato Wedges,0.7,0.95,0.115,0.18,0.17,0.35,carbon,low,,,potatoes 1.3; wheat 0.03; veg oil 0.08,Serving,110,"portion size and g/cm2 are estimates; menu_co2_label derived from C (<3 low, 3-10 medium, >=10 high)"
Sides,Scalloped Potatoes,1.8,4.46,0.911,0.85,1.37,2.21,water,medium,,,potatoes 0.65; cream 0.15; milk 0.12; cheese 0.05; butter 0.03,1/2 Cup,130,"portion size and g/cm2 are estimates; menu_co2_label derived from C (<3 low, 3-10 medium, >=10 high)"
Sides,Au Gratin Potatoes,1.8,5.62,1.228,1.07,1.84,2.91,water,medium,,,potatoes 0.6; cheese 0.15; cream 0.12; milk 0.1,1/2 Cup,130,"portion size and g/cm2 are estimates; menu_co2_label derived from C (<3 low, 3-10 medium, >=10 high)"
Sides,Baked Sweet Potato,2.2,0.43,0.028,0.08,0.04,0.12,carbon,low,,,root veg 1,Potato,200,"portion size and g/cm2 are estimates; menu_co2_label derived from C (<3 low, 3-10 medium, >=10 high)"
Sides,Mashed Sweet Potatoes,1.8,1.72,0.289,0.33,0.43,0.76,water,low,,,root veg 0.85; sugar 0.06; milk 0.05; butter 0.04,1/2 Cup,130,"portion size and g/cm2 are estimates; menu_co2_label derived from C (<3 low, 3-10 medium, >=10 high)"
Sides,Potato Latkes,1.2,1.15,0.145,0.22,0.22,0.44,carbon,low,,,potatoes 0.8; eggs 0.06; wheat 0.06; onions 0.06; veg oil 0.1,2 Latkes,100,"portion size and g/cm2 are estimates; menu_co2_label derived from C (<3 low, 3-10 medium, >=10 high)"
Sides,Bread Stuffing,1.8,2.86,0.715,0.54,1.07,1.62,water,low,,,wheat 0.45; butter 0.08; onions 0.06; other veg 0.06,1/2 Cup,130,"portion size and g/cm2 are estimates; menu_co2_label derived from C (<3 low, 3-10 medium, >=10 high)"
Sides,Fried Plantains,0.7,1.32,0.15,0.25,0.22,0.48,carbon,low,,,bananas 1.1; veg oil 0.1,Serving,110,"portion size and g/cm2 are estimates; menu_co2_label derived from C (<3 low, 3-10 medium, >=10 high)"
Bakery,Dinner Roll,1.2,2.61,0.836,0.5,1.25,1.75,water,low,,,wheat 0.95; butter 0.04; sugar 0.03,Roll,40,"portion size and g/cm2 are estimates; menu_co2_label derived from C (<3 low, 3-10 medium, >=10 high)"
Bakery,Garlic Bread,1.0,4.47,1.176,0.85,1.76,2.61,water,medium,,,wheat 0.85; butter 0.12; other veg 0.01,Piece,60,"portion size and g/cm2 are estimates; menu_co2_label derived from C (<3 low, 3-10 medium, >=10 high)"
Bakery,Garlic Knots,1.2,4.85,1.314,0.92,1.97,2.89,water,medium,,,wheat 0.8; butter 0.1; olive oil 0.05; cheese 0.03,Roll,40,"portion size and g/cm2 are estimates; menu_co2_label derived from C (<3 low, 3-10 medium, >=10 high)"
Bakery,Breadsticks,0.8,2.4,0.858,0.46,1.29,1.74,water,low,,,wheat 0.9; olive oil 0.05; cheese 0.03,Breadstick,45,"portion size and g/cm2 are estimates; menu_co2_label derived from C (<3 low, 3-10 medium, >=10 high)"
Bakery,Cornbread,1.0,3.98,0.805,0.76,1.21,1.96,water,medium,,,maize 0.3; wheat 0.25; milk 0.2; sugar 0.1; eggs 0.08; butter 0.07,Piece,60,"portion size and g/cm2 are estimates; menu_co2_label derived from C (<3 low, 3-10 medium, >=10 high)"
Bakery,Naan,1.0,2.92,0.851,0.56,1.28,1.83,water,low,,,wheat 0.8; yogurt 0.1; butter 0.05,Piece,60,"portion size and g/cm2 are estimates; menu_co2_label derived from C (<3 low, 3-10 medium, >=10 high)"
Bakery,Pita Bread,1.6,1.57,0.647,0.3,0.97,1.27,water,low,,,wheat 1,Pita,230,"portion size and g/cm2 are estimates; menu_co2_label derived from C (<3 low, 3-10 medium, >=10 high)"
Bakery,Focaccia,1.0,1.88,0.765,0.36,1.15,1.5,water,low,,,wheat 0.85; olive oil 0.1,Piece,60,"portion size and g/cm2 are estimates; menu_co2_label derived from C (<3 low, 3-10 medium, >=10 high)"
Bakery,Soft Pretzel,1.3,2.35,0.804,0.45,1.21,1.65,water,low,,,wheat 1; butter 0.03,Pretzel,115,"portion size and g/cm2 are estimates; menu_co2_label derived from C (<3 low, 3-10 medium, >=10 high)"
Bakery,Banana Bread,1.6,4.21,0.879,0.8,1.32,2.12,water,medium,,,wheat 0.3; bananas 0.3; sugar 0.2; butter 0.1; eggs 0.08,Slice,75,"portion size and g/cm2 are estimates; menu_co2_label derived from C (<3 low, 3-10 medium, >=10 high)"
Bakery,Zucchini Bread,1.6,1.98,0.387,0.38,0.58,0.96,water,low,,,wheat 0.3; other veg 0.25; sugar 0.22; veg oil 0.12; eggs 0.08,Slice,75,"portion size and g/cm2 are estimates; menu_co2_label derived from C (<3 low, 3-10 medium, >=10 high)"
Bakery,Scone,1.6,7.22,1.58,1.37,2.37,3.74,water,medium,,,wheat 0.5; butter 0.18; sugar 0.12; cream 0.1; eggs 0.05,Slice,75,"portion size and g/cm2 are estimates; menu_co2_label derived from C (<3 low, 3-10 medium, >=10 high)"
Vegetables,Romaine Lettuce,0.3,0.53,0.102,0.1,0.15,0.25,water,low,,,other veg 1,1 Cup,40,"portion size and g/cm2 are estimates; menu_co2_label derived from C (<3 low, 3-10 medium, >=10 high)"
Vegetables,Mixed Greens,0.3,0.53,0.102,0.1,0.15,0.25,water,low,,,other veg 1,1 Cup,40,"portion size and g/cm2 are estimates; menu_co2_label derived from C (<3 low, 3-10 medium, >=10 high)"
Vegetables,Spinach,0.3,0.53,0.102,0.1,0.15,0.25,water,low,,,other veg 1,1 Cup,40,"portion size and g/cm2 are estimates; menu_co2_label derived from C (<3 low, 3-10 medium, >=10 high)"
Vegetables,Sauteed Spinach,0.3,0.75,0.177,0.14,0.27,0.41,water,low,,,other veg 1.1; olive oil 0.03,1 Cup,40,"portion size and g/cm2 are estimates; menu_co2_label derived from C (<3 low, 3-10 medium, >=10 high)"
Vegetables,Cherry Tomatoes,0.8,2.09,0.37,0.4,0.55,0.95,water,low,,,tomatoes 1,1/2 Cup,75,"portion size and g/cm2 are estimates; menu_co2_label derived from C (<3 low, 3-10 medium, >=10 high)"
Vegetables,Cucumber,0.8,0.53,0.102,0.1,0.15,0.25,water,low,,,other veg 1,1/2 Cup,75,"portion size and g/cm2 are estimates; menu_co2_label derived from C (<3 low, 3-10 medium, >=10 high)"
Vegetables,Shredded Carrots,0.8,0.43,0.028,0.08,0.04,0.12,carbon,low,,,root veg 1,1/2 Cup,75,"portion size and g/cm2 are estimates; menu_co2_label derived from C (<3 low, 3-10 medium, >=10 high)"
Vegetables,Steamed Carrots,0.8,0.95,0.133,0.18,0.2,0.38,water,low,,,root veg 1; butter 0.02,1/2 Cup,80,"portion size and g/cm2 are estimates; menu_co2_label derived from C (<3 low, 3-10 medium, >=10 high)"
Vegetables,Glazed Carrots,0.8,1.56,0.255,0.3,0.38,0.68,water,low,,,root veg 0.9; sugar 0.05; butter 0.04,1/2 Cup,80,"portion size and g/cm2 are estimates; menu_co2_label derived from C (<3 low, 3-10 medium, >=10 high)"
Vegetables,Steamed Broccoli,0.8,0.51,0.119,0.1,0.18,0.28,water,low,,,brassicas 1,1/2 Cup,80,"portion size and g/cm2 are estimates; menu_co2_label derived from C (<3 low, 3-10 medium, >=10 high)"
Vegetables,Roasted Broccoli,0.8,0.75,0.211,0.14,0.32,0.46,water,low,,,brassicas 1.05; olive oil 0.04,1/2 Cup,80,"portion size and g/cm2 are estimates; menu_co2_label derived from C (<3 low, 3-10 medium, >=10 high)"
Vegetables,Steamed Cauliflower,0.8,0.51,0.119,0.1,0.18,0.28,water,low,,,brassicas 1,1/2 Cup,80,"portion size and g/cm2 are estimates; menu_co2_label derived from C (<3 low, 3-10 medium, >=10 high)"
Vegetables,Roasted Cauliflower,0.8,0.75,0.211,0.14,0.32,0.46,water,low,,,brassicas 1.05; olive oil 0.04,1/2 Cup,80,"portion size and g/cm2 are estimates; menu_co2_label derived from C (<3 low, 3-10 medium, >=10 high)"
Vegetables,Green Beans,0.8,1.05,0.207,0.2,0.31,0.51,water,low,,,other veg 1; butter 0.02,1/2 Cup,80,"portion size and g/cm2 are estimates; menu_co2_label derived from C (<3 low, 3-10 medium, >=10 high)"
Vegetables,Green Bean Casserole,1.4,1.54,0.284,0.29,0.43,0.72,water,low,,,other veg 0.6; milk 0.1; onions 0.1; cream 0.05; veg oil 0.05; wheat 0.04,1/2 Cup,120,"portion size and g/cm2 are estimates; menu_co2_label derived from C (<3 low, 3-10 medium, >=10 high)"
Vegetables,Green Peas,0.8,0.53,0.102,0.1,0.15,0.25,water,low,,,other veg 1,1/2 Cup,80,"fresh peas modeled as 'other vegetables'; portion size and g/cm2 are estimates; menu_co2_label derived from C (<3 low, 3-10 medium, >=10 high)"
Vegetables,Sweet Corn,0.8,0.53,0.102,0.1,0.15,0.25,water,low,,,other veg 1,1/2 Cup,80,"sweet corn modeled as a vegetable, not grain maize; portion size and g/cm2 are estimates; menu_co2_label derived from C (<3 low, 3-10 medium, >=10 high)"
Vegetables,Corn On The Cob,1.6,1.31,0.259,0.25,0.39,0.64,water,low,,,other veg 1; butter 0.03,Ear,130,"portion size and g/cm2 are estimates; menu_co2_label derived from C (<3 low, 3-10 medium, >=10 high)"
Vegetables,Mixed Vegetables,0.8,0.51,0.088,0.1,0.13,0.23,water,low,,,other veg 0.8; root veg 0.2,1/2 Cup,80,"portion size and g/cm2 are estimates; menu_co2_label derived from C (<3 low, 3-10 medium, >=10 high)"
Vegetables,Zucchini,0.8,0.64,0.145,0.12,0.22,0.34,water,low,,,other veg 1; olive oil 0.02,1/2 Cup,80,"portion size and g/cm2 are estimates; menu_co2_label derived from C (<3 low, 3-10 medium, >=10 high)"
Vegetables,Roasted Butternut Squash,0.8,0.69,0.167,0.13,0.25,0.38,water,low,,,other veg 1; olive oil 0.03,1/2 Cup,80,"portion size and g/cm2 are estimates; menu_co2_label derived from C (<3 low, 3-10 medium, >=10 high)"
Vegetables,Sauteed Mushrooms,0.8,1.68,0.331,0.32,0.5,0.82,water,low,,,other veg 1.2; butter 0.04,1/2 Cup,80,"portion size and g/cm2 are estimates; menu_co2_label derived from C (<3 low, 3-10 medium, >=10 high)"
Vegetables,Asparagus,0.8,0.64,0.145,0.12,0.22,0.34,water,low,,,other veg 1; olive oil 0.02,1/2 Cup,80,"portion size and g/cm2 are estimates; menu_co2_label derived from C (<3 low, 3-10 medium, >=10 high)"
Vegetables,Roasted Brussels Sprouts,0.8,0.75,0.211,0.14,0.32,0.46,water,low,,,brassicas 1.05; olive oil 0.04,1/2 Cup,80,"portion size and g/cm2 are estimates; menu_co2_label derived from C (<3 low, 3-10 medium, >=10 high)"
Vegetables,Coleslaw,1.2,1.06,0.14,0.2,0.21,0.41,water,low,,,brassicas 0.7; root veg 0.08; mayo 0.18; sugar 0.03,1/2 Cup,120,"portion size and g/cm2 are estimates; menu_co2_label derived from C (<3 low, 3-10 medium, >=10 high)"
Vegetables,Roasted Beets,0.8,0.43,0.028,0.08,0.04,0.12,carbon,low,,,root veg 1,1/2 Cup,80,"portion size and g/cm2 are estimates; menu_co2_label derived from C (<3 low, 3-10 medium, >=10 high)"
Vegetables,Roasted Eggplant,0.8,0.8,0.21,0.15,0.31,0.47,water,low,,,other veg 1; olive oil 0.05,1/2 Cup,80,"portion size and g/cm2 are estimates; menu_co2_label derived from C (<3 low, 3-10 medium, >=10 high)"
Vegetables,Collard Greens,0.8,1.13,0.209,0.21,0.31,0.53,water,low,,,brassicas 1; pork 0.05,1/2 Cup,80,"cooked with ham hock; portion size and g/cm2 are estimates; menu_co2_label derived from C (<3 low, 3-10 medium, >=10 high)"
Vegetables,Edamame,0.9,0.81,0.196,0.15,0.29,0.45,water,low,,,pulses 0.45,1/2 Cup,75,"fresh soybeans modeled as pulses (proxy); portion size and g/cm2 are estimates; menu_co2_label derived from C (<3 low, 3-10 medium, >=10 high)"
Vegetables,Roasted Vegetables,0.8,0.69,0.156,0.13,0.23,0.37,water,low,,,other veg 0.6; root veg 0.25; onions 0.1; olive oil 0.04,1/2 Cup,80,"portion size and g/cm2 are estimates; menu_co2_label derived from C (<3 low, 3-10 medium, >=10 high)"
Vegetables,Stir-fried Vegetables,0.8,0.68,0.106,0.13,0.16,0.29,water,low,,,other veg 0.55; brassicas 0.3; onions 0.1; veg oil 0.05,1/2 Cup,80,"portion size and g/cm2 are estimates; menu_co2_label derived from C (<3 low, 3-10 medium, >=10 high)"
Vegetables,Avocado,1.2,1.05,0.153,0.2,0.23,0.43,water,low,,,other fruit 1,1/4 Avocado,50,"modeled as 'other fruit'; portion size and g/cm2 are estimates; menu_co2_label derived from C (<3 low, 3-10 medium, >=10 high)"
Vegetables,Creamed Spinach,0.3,4.23,0.867,0.8,1.3,2.1,water,medium,,,other veg 0.65; cream 0.15; milk 0.1; butter 0.04; cheese 0.03,1 Cup,40,"portion size and g/cm2 are estimates; menu_co2_label derived from C (<3 low, 3-10 medium, >=10 high)"
Vegetables,Creamed Corn,1.4,2.71,0.536,0.52,0.8,1.32,water,low,,,other veg 0.75; cream 0.1; milk 0.08; sugar 0.03; butter 0.03,1/2 Cup,120,"portion size and g/cm2 are estimates; menu_co2_label derived from C (<3 low, 3-10 medium, >=10 high)"
Vegetables,Sugar Snap Peas,0.8,0.53,0.102,0.1,0.15,0.25,water,low,,,other veg 1,1/2 Cup,80,"portion size and g/cm2 are estimates; menu_co2_label derived from C (<3 low, 3-10 medium, >=10 high)"
Salad Bar,Garden Salad,0.6,0.66,0.117,0.12,0.17,0.3,water,low,,,other veg 0.75; tomatoes 0.1; root veg 0.08; onions 0.03,1 1/2 Cups,150,"without dressing; portion size and g/cm2 are estimates; menu_co2_label derived from C (<3 low, 3-10 medium, >=10 high)"
Salad Bar,Caesar Salad,0.6,2.5,0.501,0.47,0.75,1.23,water,low,,,other veg 0.65; veg oil 0.12; wheat 0.08; cheese 0.06; eggs 0.03,1 1/2 Cups,150,"portion size and g/cm2 are estimates; menu_co2_label derived from C (<3 low, 3-10 medium, >=10 high)"
Salad Bar,Chicken Caesar Salad,0.9,4.69,0.584,0.89,0.88,1.77,carbon,medium,,,other veg 0.5; chicken cooked 0.2; veg oil 0.1; wheat 0.06; cheese 0.05; eggs 0.02,Entree Salad,300,"portion size and g/cm2 are estimates; menu_co2_label derived from C (<3 low, 3-10 medium, >=10 high)"
Salad Bar,Greek Salad,0.6,4.06,0.978,0.77,1.47,2.24,water,medium,,,other veg 0.5; tomatoes 0.2; cheese 0.12; olive oil 0.08; other fruit 0.05; onions 0.05,1 1/2 Cups,150,"portion size and g/cm2 are estimates; menu_co2_label derived from C (<3 low, 3-10 medium, >=10 high)"
Salad Bar,Cobb Salad,0.9,4.98,0.732,0.95,1.1,2.04,water,medium,,,other veg 0.45; chicken cooked 0.12; bacon 0.03; eggs 0.1; other fruit 0.08; cheese 0.06; tomatoes 0.06,Entree Salad,300,"portion size and g/cm2 are estimates; menu_co2_label derived from C (<3 low, 3-10 medium, >=10 high)"
Salad Bar,Chef Salad,0.9,4.99,0.825,0.95,1.24,2.19,water,medium,,,other veg 0.5; deli ham 0.08; deli turkey 0.08; eggs 0.1; cheese 0.08; tomatoes 0.06,Entree Salad,300,"portion size and g/cm2 are estimates; menu_co2_label derived from C (<3 low, 3-10 medium, >=10 high)"
Salad Bar,Taco Salad,0.9,18.29,0.862,3.47,1.29,4.77,carbon,high,,,other veg 0.3; ground beef cooked 0.11; maize 0.15; cheese 0.08; tomatoes 0.1; beans cooked 0.1; sour cream 0.05,Entree Salad,300,"portion size and g/cm2 are estimates; menu_co2_label derived from C (<3 low, 3-10 medium, >=10 high)"
Salad Bar,Caprese Salad,0.6,9.79,2.275,1.86,3.41,5.27,water,medium,,,tomatoes 0.55; cheese 0.35; olive oil 0.05; other veg 0.03,1 1/2 Cups,150,"portion size and g/cm2 are estimates; menu_co2_label derived from C (<3 low, 3-10 medium, >=10 high)"
Salad Bar,Pasta Salad,1.2,1.91,0.581,0.36,0.87,1.24,water,low,,,pasta cooked 0.55; other veg 0.2; olive oil 0.08; cheese 0.04; other fruit 0.03,1/2 Cup,120,"portion size and g/cm2 are estimates; menu_co2_label derived from C (<3 low, 3-10 medium, >=10 high)"
Salad Bar,Potato Salad,1.2,1.24,0.123,0.24,0.18,0.42,carbon,low,,,potatoes 0.7; mayo 0.18; eggs 0.06; other veg 0.05; onions 0.03,1/2 Cup,120,"portion size and g/cm2 are estimates; menu_co2_label derived from C (<3 low, 3-10 medium, >=10 high)"
Salad Bar,Egg Salad,1.2,4.18,0.483,0.79,0.72,1.52,carbon,medium,,,eggs 0.75; mayo 0.2; other veg 0.03,1/2 Cup,120,"portion size and g/cm2 are estimates; menu_co2_label derived from C (<3 low, 3-10 medium, >=10 high)"
Salad Bar,Macaroni Salad,1.2,1.34,0.249,0.26,0.37,0.63,water,low,,,pasta cooked 0.6; mayo 0.25; other veg 0.08; sugar 0.02,1/2 Cup,120,"portion size and g/cm2 are estimates; menu_co2_label derived from C (<3 low, 3-10 medium, >=10 high)"
Salad Bar,Three Bean Salad,1.2,0.94,0.173,0.18,0.26,0.44,water,low,,,beans cooked 0.75; other veg 0.1; veg oil 0.06; sugar 0.04; onions 0.04,1/2 Cup,120,"portion size and g/cm2 are estimates; menu_co2_label derived from C (<3 low, 3-10 medium, >=10 high)"
Salad Bar,Tabbouleh,1.2,1.48,0.433,0.28,0.65,0.93,water,low,,,wheat 0.2; other veg 0.35; tomatoes 0.25; olive oil 0.08; citrus 0.05,1/2 Cup,120,"portion size and g/cm2 are estimates; menu_co2_label derived from C (<3 low, 3-10 medium, >=10 high)"
Salad Bar,Quinoa Salad,1.2,0.99,0.311,0.19,0.47,0.65,water,low,,,quinoa cooked 0.45; other veg 0.25; tomatoes 0.1; beans cooked 0.1; olive oil 0.06,1/2 Cup,120,"portion size and g/cm2 are estimates; menu_co2_label derived from C (<3 low, 3-10 medium, >=10 high)"
Salad Bar,Kale Salad,0.6,2.06,0.75,0.39,1.12,1.52,water,low,,,brassicas 0.7; olive oil 0.08; cheese 0.05; nuts 0.05; other fruit 0.05,1 1/2 Cups,150,"portion size and g/cm2 are estimates; menu_co2_label derived from C (<3 low, 3-10 medium, >=10 high)"
Salad Bar,Broccoli Salad,1.2,3.09,0.576,0.59,0.86,1.45,water,medium,,,brassicas 0.55; mayo 0.15; bacon 0.02; cheese 0.06; berries 0.06; onions 0.04; sugar 0.03,1/2 Cup,120,"portion size and g/cm2 are estimates; menu_co2_label derived from C (<3 low, 3-10 medium, >=10 high)"
Salad Bar,Asian Chicken Salad,1.4,2.61,0.362,0.5,0.54,1.04,water,low,,,other veg 0.35; brassicas 0.2; chicken cooked 0.15; veg oil 0.06; citrus 0.05; wheat 0.04; nuts 0.03,1/2 Cup,120,"portion size and g/cm2 are estimates; menu_co2_label derived from C (<3 low, 3-10 medium, >=10 high)"
Salad Bar,Chickpea Salad,1.2,1.09,0.291,0.21,0.44,0.64,water,low,,,beans cooked 0.6; other veg 0.2; tomatoes 0.1; olive oil 0.06; onions 0.04,1/2 Cup,120,"portion size and g/cm2 are estimates; menu_co2_label derived from C (<3 low, 3-10 medium, >=10 high)"
Soup,Chicken Noodle Soup,1.5,1.09,0.103,0.21,0.15,0.36,carbon,low,,,chicken cooked 0.07; noodles cooked 0.12; root veg 0.05; other veg 0.04; onions 0.03,1 Cup,240,"broth assumed negligible; portion size and g/cm2 are estimates; menu_co2_label derived from C (<3 low, 3-10 medium, >=10 high)"
Soup,Tomato Soup,1.5,2.47,0.461,0.47,0.69,1.16,water,low,,,tomatoes 0.55; cream 0.06; onions 0.05; butter 0.02; sugar 0.02,1 Cup,240,"portion size and g/cm2 are estimates; menu_co2_label derived from C (<3 low, 3-10 medium, >=10 high)"
Soup,Minestrone,1.5,0.81,0.184,0.15,0.28,0.43,water,low,,,tomatoes 0.2; other veg 0.15; beans cooked 0.12; pasta cooked 0.1; root veg 0.06; onions 0.04; olive oil 0.02,1 Cup,240,"portion size and g/cm2 are estimates; menu_co2_label derived from C (<3 low, 3-10 medium, >=10 high)"
Soup,Clam Chowder,1.5,4.49,0.757,0.85,1.14,1.99,water,medium,,,potatoes 0.18; milk 0.3; cream 0.08; shrimp 0.06; butter 0.02; bacon 0.01; onions 0.04,1 Cup,240,"clams modeled as farmed shrimp (likely overestimate); portion size and g/cm2 are estimates; menu_co2_label derived from C (<3 low, 3-10 medium, >=10 high)"
Soup,Broccoli Cheddar Soup,1.5,4.88,1.069,0.93,1.6,2.53,water,medium,,,brassicas 0.2; milk 0.3; cheese 0.1; cream 0.05; butter 0.03; wheat 0.03; onions 0.03,1 Cup,240,"portion size and g/cm2 are estimates; menu_co2_label derived from C (<3 low, 3-10 medium, >=10 high)"
Soup,Lentil Soup,1.5,0.54,0.127,0.1,0.19,0.29,water,low,,,pulses 0.12; tomatoes 0.08; root veg 0.06; onions 0.05; olive oil 0.02,1 Cup,240,"portion size and g/cm2 are estimates; menu_co2_label derived from C (<3 low, 3-10 medium, >=10 high)"
Soup,Black Bean Soup,1.5,0.42,0.089,0.08,0.13,0.21,water,low,,,pulses 0.15; onions 0.05; tomatoes 0.05; other veg 0.04,1 Cup,240,"portion size and g/cm2 are estimates; menu_co2_label derived from C (<3 low, 3-10 medium, >=10 high)"
Soup,Beef Barley Soup,1.5,8.16,0.138,1.55,0.21,1.76,carbon,medium,,,beef 0.08; barley 0.04; root veg 0.06; tomatoes 0.05; onions 0.04,1 Cup,240,"portion size and g/cm2 are estimates; menu_co2_label derived from C (<3 low, 3-10 medium, >=10 high)"
Soup,French Onion Soup,1.5,2.49,0.536,0.47,0.8,1.28,water,low,,,onions 0.35; wheat 0.06; cheese 0.06; butter 0.03,1 Cup,240,"portion size and g/cm2 are estimates; menu_co2_label derived from C (<3 low, 3-10 medium, >=10 high)"
Soup,Vegetable Soup,1.5,0.51,0.084,0.1,0.13,0.22,water,low,,,other veg 0.2; tomatoes 0.15; root veg 0.08; potatoes 0.08; onions 0.04,1 Cup,240,"portion size and g/cm2 are estimates; menu_co2_label derived from C (<3 low, 3-10 medium, >=10 high)"
Soup,Split Pea Soup,1.5,0.68,0.133,0.13,0.2,0.33,water,low,,,peas 0.15; root veg 0.05; pork 0.04; onions 0.04,1 Cup,240,"portion size and g/cm2 are estimates; menu_co2_label derived from C (<3 low, 3-10 medium, >=10 high)"
Soup,Miso Soup,1.5,0.23,0.024,0.04,0.04,0.08,carbon,low,,,tofu 0.05; pulses 0.03; other veg 0.03,1 Cup,240,"portion size and g/cm2 are estimates; menu_co2_label derived from C (<3 low, 3-10 medium, >=10 high)"
Soup,Egg Drop Soup,1.5,0.42,0.053,0.08,0.08,0.16,carbon,low,,,eggs 0.08; maize 0.02; other veg 0.02,1 Cup,240,"portion size and g/cm2 are estimates; menu_co2_label derived from C (<3 low, 3-10 medium, >=10 high)"
Soup,Hot and Sour Soup,1.5,0.76,0.091,0.15,0.14,0.28,carbon,low,,,tofu 0.06; other veg 0.06; pork 0.03; eggs 0.03; maize 0.02,1 Cup,240,"portion size and g/cm2 are estimates; menu_co2_label derived from C (<3 low, 3-10 medium, >=10 high)"
Soup,Wonton Soup,1.5,0.84,0.144,0.16,0.22,0.38,water,low,,,wheat 0.05; pork 0.06; other veg 0.04,Bowl,450,"portion size and g/cm2 are estimates; menu_co2_label derived from C (<3 low, 3-10 medium, >=10 high)"
Soup,Potato Leek Soup,1.5,1.7,0.32,0.32,0.48,0.8,water,low,,,potatoes 0.3; onions 0.12; cream 0.06; butter 0.03,1 Cup,240,"portion size and g/cm2 are estimates; menu_co2_label derived from C (<3 low, 3-10 medium, >=10 high)"
Soup,Butternut Squash Soup,1.5,1.41,0.276,0.27,0.41,0.68,water,low,,,other veg 0.5; onions 0.05; cream 0.05; butter 0.02,1 Cup,240,"portion size and g/cm2 are estimates; menu_co2_label derived from C (<3 low, 3-10 medium, >=10 high)"
Soup,Cream of Mushroom Soup,1.5,2.61,0.531,0.5,0.8,1.29,water,low,,,other veg 0.2; milk 0.15; cream 0.1; butter 0.03; wheat 0.03,1 Cup,240,"portion size and g/cm2 are estimates; menu_co2_label derived from C (<3 low, 3-10 medium, >=10 high)"
Soup,Chicken Tortilla Soup,1.5,1.44,0.147,0.27,0.22,0.49,carbon,low,,,chicken cooked 0.07; tomatoes 0.15; maize 0.06; beans cooked 0.06; other veg 0.05; onions 0.04,1 Cup,240,"portion size and g/cm2 are estimates; menu_co2_label derived from C (<3 low, 3-10 medium, >=10 high)"
Soup,Loaded Potato Soup,1.5,3.84,0.779,0.73,1.17,1.9,water,medium,,,potatoes 0.3; milk 0.2; cheese 0.06; cream 0.05; bacon 0.015; butter 0.02,1 Cup,240,"portion size and g/cm2 are estimates; menu_co2_label derived from C (<3 low, 3-10 medium, >=10 high)"
Soup,Chicken and Rice Soup,1.5,1.19,0.176,0.23,0.26,0.49,water,low,,,chicken cooked 0.07; rice cooked 0.12; root veg 0.05; other veg 0.04,1 Cup,240,"portion size and g/cm2 are estimates; menu_co2_label derived from C (<3 low, 3-10 medium, >=10 high)"
Soup,Turkey Chili,1.4,2.8,0.284,0.53,0.43,0.96,carbon,low,,,poultry 0.2; beans cooked 0.2; tomatoes 0.3; onions 0.05; other veg 0.05,1 Cup,260,"portion size and g/cm2 are estimates; menu_co2_label derived from C (<3 low, 3-10 medium, >=10 high)"
Soup,White Chicken Chili,1.4,2.87,0.312,0.55,0.47,1.01,carbon,low,,,chicken cooked 0.15; beans cooked 0.25; other veg 0.06; milk 0.05; cream 0.04; onions 0.04,1 Cup,260,"portion size and g/cm2 are estimates; menu_co2_label derived from C (<3 low, 3-10 medium, >=10 high)"
Soup,Italian Wedding Soup,1.5,7.33,0.17,1.39,0.26,1.65,carbon,medium,,,ground beef cooked 0.05; pasta cooked 0.08; other veg 0.08; root veg 0.04; pork 0.02,1 Cup,240,"portion size and g/cm2 are estimates; menu_co2_label derived from C (<3 low, 3-10 medium, >=10 high)"
Soup,Beef Pho,1.5,12.34,0.36,2.34,0.54,2.88,carbon,high,,,rice 0.08; beef 0.12; other veg 0.05; onions 0.03,Bowl,450,"portion size and g/cm2 are estimates; menu_co2_label derived from C (<3 low, 3-10 medium, >=10 high)"
Soup,Chicken Pho,1.5,1.19,0.238,0.23,0.36,0.58,water,low,,,rice 0.08; poultry 0.08; other veg 0.05; onions 0.03,Bowl,450,"portion size and g/cm2 are estimates; menu_co2_label derived from C (<3 low, 3-10 medium, >=10 high)"
Soup,Tonkotsu Ramen,1.5,1.39,0.243,0.26,0.36,0.63,water,low,,,noodles cooked 0.25; pork 0.08; eggs 0.04; other veg 0.04,Bowl,450,"portion size and g/cm2 are estimates; menu_co2_label derived from C (<3 low, 3-10 medium, >=10 high)"
Soup,Vegetable Ramen,1.5,0.38,0.089,0.07,0.13,0.2,water,low,,,noodles cooked 0.25; other veg 0.1; tofu 0.04,Bowl,450,"portion size and g/cm2 are estimates; menu_co2_label derived from C (<3 low, 3-10 medium, >=10 high)"
Soup,Udon Noodle Soup,1.5,0.4,0.139,0.08,0.21,0.28,water,low,,,wheat 0.15; other veg 0.05; fish 0.01,Bowl,450,"portion size and g/cm2 are estimates; menu_co2_label derived from C (<3 low, 3-10 medium, >=10 high)"
Soup,Chicken and Sausage Gumbo,1.4,3.19,0.538,0.61,0.81,1.41,water,medium,,,poultry 0.12; rice cooked 0.25; other veg 0.12; pork 0.1; onions 0.05; tomatoes 0.04; wheat 0.03; veg oil 0.03,1 Cup,260,"portion size and g/cm2 are estimates; menu_co2_label derived from C (<3 low, 3-10 medium, >=10 high)"
Pizza,Cheese Pizza,1.0,6.38,1.623,1.21,2.43,3.65,water,medium,,,wheat 0.45; cheese 0.22; tomatoes 0.15; olive oil 0.02,Slice,115,"portion size and g/cm2 are estimates; menu_co2_label derived from C (<3 low, 3-10 medium, >=10 high)"
Pizza,Pepperoni Pizza,1.0,9.09,1.626,1.73,2.44,4.17,water,medium,,,wheat 0.43; cheese 0.2; tomatoes 0.14; pepperoni 0.06,Slice,115,"portion size and g/cm2 are estimates; menu_co2_label derived from C (<3 low, 3-10 medium, >=10 high)"
Pizza,Sausage Pizza,1.0,6.86,1.615,1.3,2.42,3.73,water,medium,,,wheat 0.43; cheese 0.2; tomatoes 0.14; sausage cooked 0.07,Slice,115,"portion size and g/cm2 are estimates; menu_co2_label derived from C (<3 low, 3-10 medium, >=10 high)"
Pizza,Veggie Pizza,1.0,5.34,1.348,1.02,2.02,3.04,water,medium,,,wheat 0.42; cheese 0.18; other veg 0.15; tomatoes 0.14; onions 0.03,Slice,115,"portion size and g/cm2 are estimates; menu_co2_label derived from C (<3 low, 3-10 medium, >=10 high)"
Pizza,Margherita Pizza,1.0,6.07,1.552,1.15,2.33,3.48,water,medium,,,wheat 0.45; cheese 0.2; tomatoes 0.2; olive oil 0.03; other veg 0.01,Slice,115,"portion size and g/cm2 are estimates; menu_co2_label derived from C (<3 low, 3-10 medium, >=10 high)"
Pizza,Bbq Chicken Pizza,1.0,6.24,1.387,1.19,2.08,3.27,water,medium,,,wheat 0.42; cheese 0.18; chicken cooked 0.08; tomatoes 0.06; sugar 0.03; onions 0.03,Slice,115,"portion size and g/cm2 are estimates; menu_co2_label derived from C (<3 low, 3-10 medium, >=10 high)"
Pizza,Buffalo Chicken Pizza,1.0,7.1,1.573,1.35,2.36,3.71,water,medium,,,wheat 0.42; cheese 0.2; chicken cooked 0.08; butter 0.02; veg oil 0.02,Slice,115,"portion size and g/cm2 are estimates; menu_co2_label derived from C (<3 low, 3-10 medium, >=10 high)"
Pizza,Hawaiian Pizza,1.0,6.31,1.487,1.2,2.23,3.43,water,medium,,,wheat 0.42; cheese 0.18; tomatoes 0.13; deli ham 0.065; other fruit 0.08,Slice,115,"portion size and g/cm2 are estimates; menu_co2_label derived from C (<3 low, 3-10 medium, >=10 high)"
Pizza,Meat Lovers Pizza,1.0,13.02,1.742,2.47,2.61,5.09,water,high,,,wheat 0.4; cheese 0.2; tomatoes 0.12; pepperoni 0.04; sausage cooked 0.06; ground beef cooked 0.03,Slice,115,"portion size and g/cm2 are estimates; menu_co2_label derived from C (<3 low, 3-10 medium, >=10 high)"
Pizza,White Pizza,1.0,6.13,1.573,1.16,2.36,3.52,water,medium,,,wheat 0.45; cheese 0.2; ricotta 0.1; olive oil 0.03; other veg 0.02,Slice,115,"portion size and g/cm2 are estimates; menu_co2_label derived from C (<3 low, 3-10 medium, >=10 high)"
Pizza,Calzone,2.0,7.41,1.53,1.41,2.3,3.7,water,medium,,,wheat 0.45; cheese 0.18; ricotta 0.12; tomatoes 0.08; pepperoni 0.03,Piece,250,"portion size and g/cm2 are estimates; menu_co2_label derived from C (<3 low, 3-10 medium, >=10 high)"
Pizza,Stromboli,2.0,9.2,1.693,1.75,2.54,4.29,water,medium,,,wheat 0.45; cheese 0.2; pepperoni 0.05; deli ham 0.06,Piece,250,"portion size and g/cm2 are estimates; menu_co2_label derived from C (<3 low, 3-10 medium, >=10 high)"
Deli,Grilled Cheese,1.2,10.19,2.487,1.94,3.73,5.67,water,high,,,wheat 0.6; cheese 0.3; butter 0.08,Sandwich,120,"portion size and g/cm2 are estimates; menu_co2_label derived from C (<3 low, 3-10 medium, >=10 high)"
Deli,Turkey Sandwich,1.8,5.83,0.905,1.11,1.36,2.47,water,medium,,,wheat 0.5; deli turkey 0.28; cheese 0.06; other veg 0.05; mayo 0.04,Sandwich,200,"portion size and g/cm2 are estimates; menu_co2_label derived from C (<3 low, 3-10 medium, >=10 high)"
Deli,Ham and Cheese Sandwich,1.8,7.6,1.523,1.44,2.28,3.73,water,medium,,,wheat 0.5; deli ham 0.28; cheese 0.1; mayo 0.03; other veg 0.03,Sandwich,200,"portion size and g/cm2 are estimates; menu_co2_label derived from C (<3 low, 3-10 medium, >=10 high)"
Deli,Blt,1.8,6.81,1.199,1.29,1.8,3.09,water,medium,,,wheat 0.5; bacon 0.16; other veg 0.12; tomatoes 0.12; mayo 0.06,Sandwich,200,"portion size and g/cm2 are estimates; menu_co2_label derived from C (<3 low, 3-10 medium, >=10 high)"
Deli,Club Sandwich,1.8,7.84,1.266,1.49,1.9,3.39,water,medium,,,wheat 0.42; deli turkey 0.18; deli ham 0.1; bacon 0.05; cheese 0.06; other veg 0.05; tomatoes 0.05; mayo 0.04,Sandwich,250,"portion size and g/cm2 are estimates; menu_co2_label derived from C (<3 low, 3-10 medium, >=10 high)"
Deli,Peanut Butter and Jelly,1.8,2.07,0.86,0.39,1.29,1.68,water,low,,,wheat 0.55; groundnuts 0.22; sugar 0.15; berries 0.08,Sandwich,200,"portion size and g/cm2 are estimates; menu_co2_label derived from C (<3 low, 3-10 medium, >=10 high)"
Deli,Tuna Salad Sandwich,1.8,5.23,1.458,0.99,2.19,3.18,water,medium,,,wheat 0.5; fish 0.3; mayo 0.1; other veg 0.04,Sandwich,200,"portion size and g/cm2 are estimates; menu_co2_label derived from C (<3 low, 3-10 medium, >=10 high)"
Deli,Chicken Salad Sandwich,1.8,4.07,0.547,0.77,0.82,1.59,water,medium,,,wheat 0.5; chicken cooked 0.22; mayo 0.1; other veg 0.04,Sandwich,200,"portion size and g/cm2 are estimates; menu_co2_label derived from C (<3 low, 3-10 medium, >=10 high)"
Deli,Egg Salad Sandwich,1.8,2.75,0.549,0.52,0.82,1.35,water,low,,,wheat 0.5; eggs 0.35; mayo 0.1,Sandwich,200,"portion size and g/cm2 are estimates; menu_co2_label derived from C (<3 low, 3-10 medium, >=10 high)"
Deli,Italian Sub,1.8,6.11,1.315,1.16,1.97,3.13,water,medium,,,wheat 0.5; deli ham 0.1; pork 0.13; cheese 0.08; other veg 0.06; tomatoes 0.04; olive oil 0.03,Sandwich,250,"ham plus salami; portion size and g/cm2 are estimates; menu_co2_label derived from C (<3 low, 3-10 medium, >=10 high)"
Deli,Philly Cheesesteak,1.5,56.79,1.608,10.79,2.41,13.2,carbon,high,,,wheat 0.4; beef cooked 0.4; cheese 0.1; onions 0.06; other veg 0.04,Portion,150,"portion size and g/cm2 are estimates; menu_co2_label derived from C (<3 low, 3-10 medium, >=10 high)"
Deli,Reuben,1.8,52.46,1.454,9.97,2.18,12.15,carbon,high,,,wheat 0.4; beef 0.5; brassicas 0.1; cheese 0.08; mayo 0.04,Sandwich,200,"corned beef; portion size and g/cm2 are estimates; menu_co2_label derived from C (<3 low, 3-10 medium, >=10 high)"
Deli,French Dip,1.8,54.43,1.075,10.34,1.61,11.95,carbon,high,,,wheat 0.45; beef cooked 0.4,Sandwich,250,"portion size and g/cm2 are estimates; menu_co2_label derived from C (<3 low, 3-10 medium, >=10 high)"
Deli,Roast Beef Sandwich,1.8,46.56,1.311,8.85,1.97,10.81,carbon,high,,,wheat 0.5; beef cooked 0.33; cheese 0.06; other veg 0.04,Sandwich,200,"portion size and g/cm2 are estimates; menu_co2_label derived from C (<3 low, 3-10 medium, >=10 high)"
Deli,Meatball Sub,1.8,38.15,1.383,7.25,2.07,9.32,carbon,high,,,wheat 0.4; ground beef cooked 0.25; tomatoes 0.15; cheese 0.1,Sandwich,250,"portion size and g/cm2 are estimates; menu_co2_label derived from C (<3 low, 3-10 medium, >=10 high)"
Deli,Crispy Chicken Sandwich,1.6,5.4,0.58,1.03,0.87,1.9,carbon,medium,,,wheat 0.4; chicken cooked 0.33; veg oil 0.06; mayo 0.04; other veg 0.03,1/2 Cup,130,"portion size and g/cm2 are estimates; menu_co2_label derived from C (<3 low, 3-10 medium, >=10 high)"
Deli,Grilled Chicken Sandwich,1.8,5.77,0.616,1.1,0.92,2.02,carbon,medium,,,wheat 0.4; chicken cooked 0.37; other veg 0.05; tomatoes 0.04; mayo 0.03,Sandwich,200,"portion size and g/cm2 are estimates; menu_co2_label derived from C (<3 low, 3-10 medium, >=10 high)"
Deli,Buffalo Chicken Wrap,1.6,6.3,0.823,1.2,1.23,2.43,water,medium,,,tortilla flour 0.3; chicken cooked 0.3; other veg 0.12; wheat 0.05; veg oil 0.05; cheese 0.04; butter 0.02,Wrap,220,"portion size and g/cm2 are estimates; menu_co2_label derived from C (<3 low, 3-10 medium, >=10 high)"
Deli,Chicken Caesar Wrap,1.6,5.55,0.724,1.05,1.09,2.14,water,medium,,,tortilla flour 0.3; chicken cooked 0.26; other veg 0.15; veg oil 0.06; cheese 0.05; eggs 0.02,Wrap,220,"portion size and g/cm2 are estimates; menu_co2_label derived from C (<3 low, 3-10 medium, >=10 high)"
Deli,Veggie Wrap,1.6,2.07,0.53,0.39,0.79,1.19,water,low,,,tortilla flour 0.35; other veg 0.35; root veg 0.08; other fruit 0.08; cheese 0.05,Wrap,220,"portion size and g/cm2 are estimates; menu_co2_label derived from C (<3 low, 3-10 medium, >=10 high)"
Deli,Hummus Wrap,1.6,1.1,0.37,0.21,0.56,0.76,water,low,,,tortilla flour 0.35; hummus 0.2; other veg 0.3; tomatoes 0.08,Wrap,220,"portion size and g/cm2 are estimates; menu_co2_label derived from C (<3 low, 3-10 medium, >=10 high)"
Deli,Falafel Pita,1.6,1.51,0.398,0.29,0.6,0.88,water,low,,,wheat 0.35; pulses 0.15; other veg 0.2; tomatoes 0.08; veg oil 0.05; yogurt 0.06; onions 0.03,Pita,230,"portion size and g/cm2 are estimates; menu_co2_label derived from C (<3 low, 3-10 medium, >=10 high)"
Deli,Tuna Melt,1.8,8.29,2.114,1.57,3.17,4.75,water,medium,,,wheat 0.45; fish 0.25; cheese 0.12; mayo 0.08; butter 0.04,Sandwich,200,"portion size and g/cm2 are estimates; menu_co2_label derived from C (<3 low, 3-10 medium, >=10 high)"
Deli,Fish Sandwich,1.8,7.06,1.889,1.34,2.83,4.18,water,medium,,,wheat 0.45; fish cooked 0.28; veg oil 0.06; cheese 0.05; mayo 0.05,Sandwich,200,"portion size and g/cm2 are estimates; menu_co2_label derived from C (<3 low, 3-10 medium, >=10 high)"
Deli,Pulled Pork Sandwich,1.8,8.76,1.449,1.66,2.17,3.84,water,medium,,,wheat 0.4; pork 0.65; brassicas 0.05; sugar 0.04,Sandwich,200,"portion size and g/cm2 are estimates; menu_co2_label derived from C (<3 low, 3-10 medium, >=10 high)"
Deli,Pork Banh Mi,1.8,5.9,1.038,1.12,1.56,2.68,water,medium,,,wheat 0.45; pork cooked 0.3; root veg 0.08; other veg 0.08; mayo 0.04,Sandwich,250,"portion size and g/cm2 are estimates; menu_co2_label derived from C (<3 low, 3-10 medium, >=10 high)"
Deli,Caprese Panini,1.8,6.53,1.679,1.24,2.52,3.76,water,medium,,,wheat 0.5; cheese 0.22; tomatoes 0.15; olive oil 0.03; other veg 0.02,Sandwich,250,"portion size and g/cm2 are estimates; menu_co2_label derived from C (<3 low, 3-10 medium, >=10 high)"
Deli,Gyro,1.6,25.84,0.976,4.91,1.46,6.37,carbon,high,,,wheat 0.35; lamb 0.25; beef 0.15; yogurt 0.08; tomatoes 0.05; onions 0.04; other veg 0.04,Wrap,220,"lamb/beef gyro in pita; portion size and g/cm2 are estimates; menu_co2_label derived from C (<3 low, 3-10 medium, >=10 high)"
Deli,Chicken Shawarma Wrap,1.6,5.23,0.558,0.99,0.84,1.83,carbon,medium,,,wheat 0.3; chicken cooked 0.33; other veg 0.08; yogurt 0.06; tomatoes 0.05,Wrap,220,"portion size and g/cm2 are estimates; menu_co2_label derived from C (<3 low, 3-10 medium, >=10 high)"
Deli,Cuban Sandwich,1.8,7.68,1.5,1.46,2.25,3.71,water,medium,,,wheat 0.4; pork cooked 0.15; deli ham 0.12; cheese 0.08; butter 0.03; other veg 0.03,Sandwich,250,"portion size and g/cm2 are estimates; menu_co2_label derived from C (<3 low, 3-10 medium, >=10 high)"
Global,Beef Tacos,1.3,37.38,1.041,7.1,1.56,8.66,carbon,high,,,tortilla corn 0.3; ground beef cooked 0.25; cheese 0.08; other veg 0.1; tomatoes 0.07; veg oil 0.04,2 Tacos,180,"portion size and g/cm2 are estimates; menu_co2_label derived from C (<3 low, 3-10 medium, >=10 high)"
Global,Chicken Tacos,1.3,4.51,0.339,0.86,0.51,1.37,carbon,medium,,,tortilla corn 0.3; chicken cooked 0.3; other veg 0.1; tomatoes 0.06; onions 0.05,2 Tacos,180,"portion size and g/cm2 are estimates; menu_co2_label derived from C (<3 low, 3-10 medium, >=10 high)"
Global,Carnitas Tacos,1.3,5.84,0.845,1.11,1.27,2.38,water,medium,,,tortilla corn 0.3; pork cooked 0.33; onions 0.05; other veg 0.05,2 Tacos,180,"portion size and g/cm2 are estimates; menu_co2_label derived from C (<3 low, 3-10 medium, >=10 high)"
Global,Al Pastor Tacos,1.3,5.86,0.847,1.11,1.27,2.38,water,medium,,,tortilla corn 0.3; pork cooked 0.33; other fruit 0.05; onions 0.04,2 Tacos,180,"portion size and g/cm2 are estimates; menu_co2_label derived from C (<3 low, 3-10 medium, >=10 high)"
Global,Barbacoa,1.4,139.27,2.032,26.46,3.05,29.51,carbon,high,,,beef 1.4,Serving,220,"portion size and g/cm2 are estimates; menu_co2_label derived from C (<3 low, 3-10 medium, >=10 high)"
Global,Carne Asada,1.4,134.3,1.959,25.52,2.94,28.46,carbon,high,,,beef cooked 1,Serving,220,"portion size and g/cm2 are estimates; menu_co2_label derived from C (<3 low, 3-10 medium, >=10 high)"
Global,Chicken Burrito,2.2,4.48,0.869,0.85,1.3,2.15,water,medium,,,tortilla flour 0.25; rice cooked 0.25; beans cooked 0.15; chicken cooked 0.15; cheese 0.05; tomatoes 0.05; sour cream 0.03,Burrito,280,"portion size and g/cm2 are estimates; menu_co2_label derived from C (<3 low, 3-10 medium, >=10 high)"
Global,Beef Burrito,2.2,23.15,0.997,4.4,1.5,5.89,carbon,high,,,tortilla flour 0.25; rice cooked 0.25; beans cooked 0.15; ground beef cooked 0.15; cheese 0.05; tomatoes 0.05,Burrito,280,"portion size and g/cm2 are estimates; menu_co2_label derived from C (<3 low, 3-10 medium, >=10 high)"
Global,Bean and Cheese Burrito,2.2,3.75,0.927,0.71,1.39,2.1,water,medium,,,tortilla flour 0.3; beans cooked 0.45; cheese 0.12; veg oil 0.02,Burrito,280,"portion size and g/cm2 are estimates; menu_co2_label derived from C (<3 low, 3-10 medium, >=10 high)"
Global,Chicken Burrito Bowl,1.8,4.03,0.749,0.77,1.12,1.89,water,medium,,,rice cooked 0.35; beans cooked 0.2; chicken cooked 0.16; other veg 0.1; tomatoes 0.06; cheese 0.04,Bowl,400,"portion size and g/cm2 are estimates; menu_co2_label derived from C (<3 low, 3-10 medium, >=10 high)"
Global,Cheese Quesadilla,1.3,10.53,2.56,2.0,3.84,5.84,water,high,,,tortilla flour 0.55; cheese 0.4; veg oil 0.02,Quesadilla,200,"portion size and g/cm2 are estimates; menu_co2_label derived from C (<3 low, 3-10 medium, >=10 high)"
Global,Chicken Quesadilla,1.3,9.64,1.854,1.83,2.78,4.61,water,medium,,,tortilla flour 0.45; cheese 0.25; chicken cooked 0.22,Quesadilla,200,"portion size and g/cm2 are estimates; menu_co2_label derived from C (<3 low, 3-10 medium, >=10 high)"
Global,Cheese Enchiladas,1.8,6.88,1.528,1.31,2.29,3.6,water,medium,,,tortilla corn 0.35; cheese 0.25; tomatoes 0.2; onions 0.04; veg oil 0.03,2 Enchiladas,250,"portion size and g/cm2 are estimates; menu_co2_label derived from C (<3 low, 3-10 medium, >=10 high)"
Global,Chicken Enchiladas,1.8,7.0,1.172,1.33,1.76,3.09,water,medium,,,tortilla corn 0.3; chicken cooked 0.18; cheese 0.15; tomatoes 0.2; sour cream 0.04,2 Enchiladas,250,"portion size and g/cm2 are estimates; menu_co2_label derived from C (<3 low, 3-10 medium, >=10 high)"
Global,Beef Enchiladas,1.8,29.37,1.319,5.58,1.98,7.56,carbon,high,,,tortilla corn 0.3; ground beef cooked 0.18; cheese 0.15; tomatoes 0.2,2 Enchiladas,250,"portion size and g/cm2 are estimates; menu_co2_label derived from C (<3 low, 3-10 medium, >=10 high)"
Global,Sweet Potato Black Bean Enchiladas,1.8,3.31,0.705,0.63,1.06,1.69,water,medium,,,tortilla corn 0.3; root veg 0.2; tomatoes 0.2; beans cooked 0.15; cheese 0.1,2 Enchiladas,250,"portion size and g/cm2 are estimates; menu_co2_label derived from C (<3 low, 3-10 medium, >=10 high)"
Global,Cheese Nachos,1.0,6.13,1.259,1.17,1.89,3.05,water,medium,,,maize 0.45; cheese 0.2; veg oil 0.15; other veg 0.05,Serving,200,"portion size and g/cm2 are estimates; menu_co2_label derived from C (<3 low, 3-10 medium, >=10 high)"
Global,Loaded Beef Nachos,1.0,17.7,1.236,3.36,1.85,5.22,carbon,high,,,maize 0.35; cheese 0.15; veg oil 0.12; ground beef cooked 0.09; beans cooked 0.1; sour cream 0.05; tomatoes 0.05,Serving,200,"portion size and g/cm2 are estimates; menu_co2_label derived from C (<3 low, 3-10 medium, >=10 high)"
Global,Refried Beans,1.6,0.83,0.169,0.16,0.25,0.41,water,low,,,beans cooked 0.9; veg oil 0.05,1/2 Cup,130,"portion size and g/cm2 are estimates; menu_co2_label derived from C (<3 low, 3-10 medium, >=10 high)"
Global,Black Beans,1.6,0.72,0.174,0.14,0.26,0.4,water,low,,,beans cooked 1,1/2 Cup,130,"portion size and g/cm2 are estimates; menu_co2_label derived from C (<3 low, 3-10 medium, >=10 high)"
Global,Mexican Street Corn,1.6,3.36,0.7,0.64,1.05,1.69,water,medium,,,other veg 0.75; mayo 0.08; cheese 0.08; butter 0.03,Ear,130,"portion size and g/cm2 are estimates; menu_co2_label derived from C (<3 low, 3-10 medium, >=10 high)"
Global,Pork Tamales,1.4,3.99,0.549,0.76,0.82,1.58,water,medium,,,maize 0.35; pork cooked 0.18; veg oil 0.08; tomatoes 0.05,Pieces,120,"portion size and g/cm2 are estimates; menu_co2_label derived from C (<3 low, 3-10 medium, >=10 high)"
Global,Beef Empanada,1.4,27.76,1.013,5.27,1.52,6.79,carbon,high,,,wheat 0.35; ground beef cooked 0.18; butter 0.08; onions 0.06; potatoes 0.05,Pieces,120,"portion size and g/cm2 are estimates; menu_co2_label derived from C (<3 low, 3-10 medium, >=10 high)"
Global,Arroz Con Pollo,1.4,4.03,0.639,0.77,0.96,1.72,water,medium,,,rice cooked 0.45; chicken cooked 0.22; other veg 0.08; tomatoes 0.06; onions 0.04; veg oil 0.03,Serving,220,"portion size and g/cm2 are estimates; menu_co2_label derived from C (<3 low, 3-10 medium, >=10 high)"
Global,Chicken Mole,1.4,8.05,0.629,1.53,0.94,2.47,carbon,medium,,,chicken cooked 0.52; tomatoes 0.05; other veg 0.04; nuts 0.03; chocolate 0.02; sugar 0.02,1 Cup,260,"portion size and g/cm2 are estimates; menu_co2_label derived from C (<3 low, 3-10 medium, >=10 high)"
Global,Chicken Tinga,1.4,12.27,0.847,2.33,1.27,3.6,carbon,high,,,chicken cooked 0.9; tomatoes 0.12; onions 0.06,1 Cup,260,"portion size and g/cm2 are estimates; menu_co2_label derived from C (<3 low, 3-10 medium, >=10 high)"
Global,Tostada,1.3,2.96,0.6,0.56,0.9,1.46,water,low,,,tortilla corn 0.3; beans cooked 0.3; other veg 0.12; cheese 0.08; tomatoes 0.08; veg oil 0.08,2 Tacos,180,"portion size and g/cm2 are estimates; menu_co2_label derived from C (<3 low, 3-10 medium, >=10 high)"
Global,Chicken Lo Mein,1.3,2.22,0.293,0.42,0.44,0.86,water,low,,,noodles cooked 0.55; chicken cooked 0.11; other veg 0.15; veg oil 0.05; sugar 0.02,1 1/2 Cups,250,"portion size and g/cm2 are estimates; menu_co2_label derived from C (<3 low, 3-10 medium, >=10 high)"
Global,Vegetable Lo Mein,1.3,0.84,0.221,0.16,0.33,0.49,water,low,,,noodles cooked 0.6; other veg 0.25; brassicas 0.08; veg oil 0.05,1 1/2 Cups,250,"portion size and g/cm2 are estimates; menu_co2_label derived from C (<3 low, 3-10 medium, >=10 high)"
Global,Chicken Pad Thai,1.3,3.19,0.705,0.61,1.06,1.66,water,medium,,,rice 0.2; chicken cooked 0.11; eggs 0.08; other veg 0.08; groundnuts 0.04; sugar 0.04; veg oil 0.05,1 1/2 Cups,250,"portion size and g/cm2 are estimates; menu_co2_label derived from C (<3 low, 3-10 medium, >=10 high)"
Global,Tofu Pad Thai,1.3,2.2,0.629,0.42,0.94,1.36,water,low,,,rice 0.2; tofu 0.15; eggs 0.08; other veg 0.08; groundnuts 0.04; sugar 0.04; veg oil 0.05,1 1/2 Cups,250,"portion size and g/cm2 are estimates; menu_co2_label derived from C (<3 low, 3-10 medium, >=10 high)"
Global,Shrimp Pad Thai,1.3,5.59,1.113,1.06,1.67,2.73,water,medium,,,rice 0.2; shrimp cooked 0.12; eggs 0.08; other veg 0.08; groundnuts 0.04; sugar 0.04; veg oil 0.05,1 1/2 Cups,250,"portion size and g/cm2 are estimates; menu_co2_label derived from C (<3 low, 3-10 medium, >=10 high)"
Global,Chicken Fried Rice,1.4,3.18,0.743,0.6,1.11,1.72,water,medium,,,rice cooked 0.65; chicken cooked 0.11; eggs 0.07; other veg 0.08; veg oil 0.05,1 Cup,200,"portion size and g/cm2 are estimates; menu_co2_label derived from C (<3 low, 3-10 medium, >=10 high)"
Global,Pork Fried Rice,1.4,3.54,0.912,0.67,1.37,2.04,water,medium,,,rice cooked 0.65; pork cooked 0.11; eggs 0.07; other veg 0.08; veg oil 0.05,1 Cup,200,"portion size and g/cm2 are estimates; menu_co2_label derived from C (<3 low, 3-10 medium, >=10 high)"
Global,Shrimp Fried Rice,1.4,5.58,1.151,1.06,1.73,2.79,water,medium,,,rice cooked 0.65; shrimp cooked 0.12; eggs 0.07; other veg 0.08; veg oil 0.05,1 Cup,200,"portion size and g/cm2 are estimates; menu_co2_label derived from C (<3 low, 3-10 medium, >=10 high)"
Global,Chicken Teriyaki Bowl,1.8,3.97,0.674,0.75,1.01,1.77,water,medium,,,rice cooked 0.5; chicken cooked 0.22; brassicas 0.1; sugar 0.04,Bowl,400,"portion size and g/cm2 are estimates; menu_co2_label derived from C (<3 low, 3-10 medium, >=10 high)"
Global,Beef Bulgogi,1.2,110.35,1.639,20.97,2.46,23.42,carbon,high,,,beef cooked 0.82; sugar 0.06; onions 0.06; other fruit 0.04,1 Cup,220,"portion size and g/cm2 are estimates; menu_co2_label derived from C (<3 low, 3-10 medium, >=10 high)"
Global,Bibimbap,1.8,10.82,0.617,2.06,0.93,2.98,carbon,high,,,rice cooked 0.45; other veg 0.2; beef cooked 0.07; eggs 0.08; root veg 0.06; veg oil 0.03,Bowl,400,"portion size and g/cm2 are estimates; menu_co2_label derived from C (<3 low, 3-10 medium, >=10 high)"
Global,Korean Fried Chicken,1.2,8.79,0.642,1.67,0.96,2.63,carbon,medium,,,chicken cooked 0.6; maize 0.08; sugar 0.08; wheat 0.05; veg oil 0.1,1 Cup,220,"portion size and g/cm2 are estimates; menu_co2_label derived from C (<3 low, 3-10 medium, >=10 high)"
Global,Japchae,1.3,8.56,0.175,1.63,0.26,1.89,carbon,medium,,,root veg 0.25; other veg 0.25; beef cooked 0.06; veg oil 0.05; sugar 0.03,1 1/2 Cups,250,"sweet potato noodles modeled as root vegetables; portion size and g/cm2 are estimates; menu_co2_label derived from C (<3 low, 3-10 medium, >=10 high)"
Global,California Roll,1.6,2.84,0.975,0.54,1.46,2.0,water,low,,,rice cooked 0.55; fish 0.12; other fruit 0.12; other veg 0.1; sugar 0.02,6 Pieces,170,"imitation crab modeled as fish; portion size and g/cm2 are estimates; menu_co2_label derived from C (<3 low, 3-10 medium, >=10 high)"
Global,Salmon Sushi Roll,1.6,5.82,1.798,1.1,2.7,3.8,water,medium,,,rice cooked 0.55; fish 0.35; other veg 0.03; sugar 0.02,6 Pieces,170,"portion size and g/cm2 are estimates; menu_co2_label derived from C (<3 low, 3-10 medium, >=10 high)"
Global,Spicy Tuna Roll,1.6,5.31,1.627,1.01,2.44,3.45,water,medium,,,rice cooked 0.55; fish 0.3; mayo 0.05; other veg 0.05; sugar 0.02,6 Pieces,170,"portion size and g/cm2 are estimates; menu_co2_label derived from C (<3 low, 3-10 medium, >=10 high)"
Global,Vegetable Sushi Roll,1.6,1.37,0.588,0.26,0.88,1.14,water,low,,,rice cooked 0.6; other veg 0.2; other fruit 0.12; root veg 0.05; sugar 0.02,6 Pieces,170,"portion size and g/cm2 are estimates; menu_co2_label derived from C (<3 low, 3-10 medium, >=10 high)"
Global,Tuna Poke Bowl,1.8,5.05,1.542,0.96,2.31,3.27,water,medium,,,rice cooked 0.45; fish 0.3; other veg 0.12; other fruit 0.06; pulses 0.02,Bowl,400,"portion size and g/cm2 are estimates; menu_co2_label derived from C (<3 low, 3-10 medium, >=10 high)"
Global,Chicken Katsu Curry,1.4,3.55,0.621,0.67,0.93,1.61,water,medium,,,rice cooked 0.45; chicken cooked 0.18; potatoes 0.06; wheat 0.06; root veg 0.05; veg oil 0.05; onions 0.03,1 Cup,260,"portion size and g/cm2 are estimates; menu_co2_label derived from C (<3 low, 3-10 medium, >=10 high)"
Global,Vegetable Egg Roll,1.4,1.15,0.236,0.22,0.35,0.57,water,low,,,wheat 0.25; brassicas 0.3; root veg 0.08; veg oil 0.15,Pieces,120,"portion size and g/cm2 are estimates; menu_co2_label derived from C (<3 low, 3-10 medium, >=10 high)"
Global,Pork Egg Roll,1.4,2.56,0.443,0.49,0.66,1.15,water,low,,,wheat 0.25; brassicas 0.25; pork 0.12; veg oil 0.15,Pieces,120,"portion size and g/cm2 are estimates; menu_co2_label derived from C (<3 low, 3-10 medium, >=10 high)"
Global,Fresh Spring Roll,1.4,1.12,0.488,0.21,0.73,0.95,water,low,,,rice 0.2; other veg 0.35; root veg 0.1,Pieces,120,"portion size and g/cm2 are estimates; menu_co2_label derived from C (<3 low, 3-10 medium, >=10 high)"
Global,Pork Dumplings,1.4,5.07,0.879,0.96,1.32,2.28,water,medium,,,wheat 0.35; pork 0.35; brassicas 0.12; veg oil 0.04,Pieces,120,"portion size and g/cm2 are estimates; menu_co2_label derived from C (<3 low, 3-10 medium, >=10 high)"
Global,Vegetable Dumplings,1.4,1.21,0.32,0.23,0.48,0.71,water,low,,,wheat 0.4; brassicas 0.2; other veg 0.15; tofu 0.08; veg oil 0.04,Pieces,120,"portion size and g/cm2 are estimates; menu_co2_label derived from C (<3 low, 3-10 medium, >=10 high)"
Global,Pork Bao Bun,1.4,4.59,0.882,0.87,1.32,2.2,water,medium,,,wheat 0.5; pork cooked 0.22; sugar 0.06,Pieces,120,"portion size and g/cm2 are estimates; menu_co2_label derived from C (<3 low, 3-10 medium, >=10 high)"
Global,Sticky Rice,1.6,2.0,1.012,0.38,1.52,1.9,water,low,,,rice 0.45,3 oz Serving,85,"portion size and g/cm2 are estimates; menu_co2_label derived from C (<3 low, 3-10 medium, >=10 high)"
Global,Chicken Adobo,1.4,12.44,0.837,2.36,1.26,3.62,carbon,high,,,chicken cooked 0.93; sugar 0.02,1 Cup,260,"portion size and g/cm2 are estimates; menu_co2_label derived from C (<3 low, 3-10 medium, >=10 high)"
Global,Pancit,1.3,2.36,0.564,0.45,0.85,1.29,water,low,,,rice 0.2; other veg 0.15; chicken cooked 0.09; brassicas 0.08; veg oil 0.04,1 1/2 Cups,250,"portion size and g/cm2 are estimates; menu_co2_label derived from C (<3 low, 3-10 medium, >=10 high)"
Global,Thai Green Curry with Chicken,1.4,3.44,0.265,0.65,0.4,1.05,carbon,medium,,,chicken cooked 0.22; other fruit 0.25; other veg 0.15; veg oil 0.03; sugar 0.02,1 Cup,260,"coconut milk modeled as 'other fruit'; portion size and g/cm2 are estimates; menu_co2_label derived from C (<3 low, 3-10 medium, >=10 high)"
Global,Thai Red Curry with Tofu,1.4,1.21,0.104,0.23,0.16,0.39,carbon,low,,,tofu 0.25; other fruit 0.25; other veg 0.2; sugar 0.02,1 Cup,260,"coconut milk modeled as 'other fruit'; portion size and g/cm2 are estimates; menu_co2_label derived from C (<3 low, 3-10 medium, >=10 high)"
Global,Massaman Beef Curry,1.4,30.08,0.561,5.72,0.84,6.56,carbon,high,,,beef cooked 0.22; other fruit 0.25; potatoes 0.15; onions 0.05; groundnuts 0.04; sugar 0.02,1 Cup,260,"portion size and g/cm2 are estimates; menu_co2_label derived from C (<3 low, 3-10 medium, >=10 high)"
Global,Cashew Chicken,1.2,6.37,0.771,1.21,1.16,2.37,carbon,medium,,,chicken cooked 0.45; other veg 0.15; nuts 0.08; veg oil 0.05; sugar 0.03,1 Cup,220,"portion size and g/cm2 are estimates; menu_co2_label derived from C (<3 low, 3-10 medium, >=10 high)"
Global,Moo Shu Pork,1.2,5.26,0.823,1.0,1.23,2.23,water,medium,,,pork cooked 0.26; brassicas 0.25; wheat 0.15; other veg 0.1; eggs 0.08; veg oil 0.04,1 Cup,220,"portion size and g/cm2 are estimates; menu_co2_label derived from C (<3 low, 3-10 medium, >=10 high)"
Global,Scallion Pancake,1.4,1.36,0.386,0.26,0.58,0.84,water,low,,,wheat 0.55; veg oil 0.12; onions 0.08,Pieces,120,"portion size and g/cm2 are estimates; menu_co2_label derived from C (<3 low, 3-10 medium, >=10 high)"
Global,Teriyaki Tofu,1.2,3.15,0.166,0.6,0.25,0.85,carbon,medium,,,tofu 0.95; sugar 0.06,1 Cup,220,"portion size and g/cm2 are estimates; menu_co2_label derived from C (<3 low, 3-10 medium, >=10 high)"
Global,Dan Dan Noodles,1.3,2.64,0.521,0.5,0.78,1.28,water,low,,,noodles cooked 0.55; pork 0.15; other veg 0.06; veg oil 0.05; groundnuts 0.04,1 1/2 Cups,250,"portion size and g/cm2 are estimates; menu_co2_label derived from C (<3 low, 3-10 medium, >=10 high)"
Global,Chicken Tikka Masala,1.4,7.02,0.802,1.33,1.2,2.54,carbon,medium,,,chicken cooked 0.33; tomatoes 0.2; cream 0.1; onions 0.06; yogurt 0.05; butter 0.03,1 Cup,260,"portion size and g/cm2 are estimates; menu_co2_label derived from C (<3 low, 3-10 medium, >=10 high)"
Global,Butter Chicken,1.4,7.81,0.962,1.48,1.44,2.93,carbon,medium,,,chicken cooked 0.33; tomatoes 0.18; cream 0.12; butter 0.06; onions 0.04,1 Cup,240,"portion size and g/cm2 are estimates; menu_co2_label derived from C (<3 low, 3-10 medium, >=10 high)"
Global,Chana Masala,1.4,1.05,0.183,0.2,0.27,0.47,water,low,,,beans cooked 0.55; tomatoes 0.2; onions 0.1; veg oil 0.05,1 Cup,260,"portion size and g/cm2 are estimates; menu_co2_label derived from C (<3 low, 3-10 medium, >=10 high)"
Global,Lentil Dal,1.4,1.18,0.23,0.22,0.35,0.57,water,low,,,pulses 0.22; tomatoes 0.06; onions 0.05; veg oil 0.03; butter 0.02,1 Cup,260,"portion size and g/cm2 are estimates; menu_co2_label derived from C (<3 low, 3-10 medium, >=10 high)"
Global,Palak Paneer,1.4,7.65,1.73,1.45,2.59,4.05,water,medium,,,other veg 0.5; cheese 0.25; cream 0.05; onions 0.05; butter 0.03,1 Cup,240,"paneer modeled as cheese; portion size and g/cm2 are estimates; menu_co2_label derived from C (<3 low, 3-10 medium, >=10 high)"
Global,Aloo Gobi,1.4,0.73,0.106,0.14,0.16,0.3,water,low,,,potatoes 0.4; brassicas 0.4; onions 0.06; tomatoes 0.06; veg oil 0.05,1 Cup,240,"portion size and g/cm2 are estimates; menu_co2_label derived from C (<3 low, 3-10 medium, >=10 high)"
Global,Vegetable Samosa,1.4,1.32,0.291,0.25,0.44,0.69,water,low,,,wheat 0.35; potatoes 0.35; veg oil 0.15; other veg 0.08,Pieces,120,"portion size and g/cm2 are estimates; menu_co2_label derived from C (<3 low, 3-10 medium, >=10 high)"
Global,Chicken Biryani,1.4,4.26,0.806,0.81,1.21,2.02,water,medium,,,rice cooked 0.55; chicken cooked 0.18; onions 0.06; yogurt 0.05; veg oil 0.04; butter 0.02,1 Cup,260,"portion size and g/cm2 are estimates; menu_co2_label derived from C (<3 low, 3-10 medium, >=10 high)"
Global,Vegetable Biryani,1.4,1.54,0.603,0.29,0.9,1.2,water,low,,,rice cooked 0.6; other veg 0.15; root veg 0.06; onions 0.06; yogurt 0.05; veg oil 0.04,1 Cup,260,"portion size and g/cm2 are estimates; menu_co2_label derived from C (<3 low, 3-10 medium, >=10 high)"
Global,Tandoori Chicken,1.4,12.62,0.892,2.4,1.34,3.74,carbon,high,,,chicken cooked 0.92; yogurt 0.1,1 Cup,240,"portion size and g/cm2 are estimates; menu_co2_label derived from C (<3 low, 3-10 medium, >=10 high)"
Global,Vegetable Korma,1.4,1.75,0.536,0.33,0.8,1.14,water,low,,,other veg 0.3; potatoes 0.12; cream 0.12; root veg 0.08; onions 0.06; nuts 0.05,1 Cup,260,"portion size and g/cm2 are estimates; menu_co2_label derived from C (<3 low, 3-10 medium, >=10 high)"
Global,Beef Kofta,1.6,100.37,1.49,19.07,2.23,21.3,carbon,high,,,ground beef cooked 0.72; onions 0.06; wheat 0.04,Serving,140,"portion size and g/cm2 are estimates; menu_co2_label derived from C (<3 low, 3-10 medium, >=10 high)"
Global,Baba Ganoush,1.4,0.86,0.66,0.16,0.99,1.15,water,low,,,other veg 0.7; nuts 0.1; olive oil 0.08; citrus 0.04,1 Cup,240,"tahini modeled as tree nuts; portion size and g/cm2 are estimates; menu_co2_label derived from C (<3 low, 3-10 medium, >=10 high)"
Global,Spanakopita,1.4,7.77,1.762,1.48,2.64,4.12,water,medium,,,wheat 0.25; other veg 0.35; cheese 0.18; butter 0.1; eggs 0.06,Pieces,120,"portion size and g/cm2 are estimates; menu_co2_label derived from C (<3 low, 3-10 medium, >=10 high)"
Global,Seafood Paella,1.4,6.23,1.343,1.18,2.02,3.2,water,medium,,,rice 0.25; shrimp cooked 0.1; chicken cooked 0.06; fish 0.05; tomatoes 0.08; other veg 0.06; olive oil 0.04,1 Cup,260,"portion size and g/cm2 are estimates; menu_co2_label derived from C (<3 low, 3-10 medium, >=10 high)"
Global,Jambalaya,1.4,5.31,0.95,1.01,1.42,2.43,water,medium,,,rice cooked 0.45; sausage cooked 0.09; chicken cooked 0.09; shrimp cooked 0.05; tomatoes 0.1; other veg 0.06; onions 0.04,1 Cup,260,"portion size and g/cm2 are estimates; menu_co2_label derived from C (<3 low, 3-10 medium, >=10 high)"
Global,Red Beans and Rice,1.6,2.0,0.574,0.38,0.86,1.24,water,low,,,beans cooked 0.4; rice cooked 0.4; sausage cooked 0.06; onions 0.04; other veg 0.04,1/2 Cup,130,"portion size and g/cm2 are estimates; menu_co2_label derived from C (<3 low, 3-10 medium, >=10 high)"
Global,Potato Pierogi,1.4,4.88,1.144,0.93,1.72,2.64,water,medium,,,wheat 0.35; potatoes 0.35; cheese 0.1; butter 0.06; onions 0.05; eggs 0.04,Pieces,120,"portion size and g/cm2 are estimates; menu_co2_label derived from C (<3 low, 3-10 medium, >=10 high)"
Global,Beef Goulash,1.4,44.68,0.699,8.49,1.05,9.54,carbon,high,,,beef cooked 0.33; onions 0.12; tomatoes 0.1; potatoes 0.1; other veg 0.08,1 Cup,260,"portion size and g/cm2 are estimates; menu_co2_label derived from C (<3 low, 3-10 medium, >=10 high)"
Global,Chicken Schnitzel,1.5,9.47,0.708,1.8,1.06,2.86,carbon,medium,,,chicken cooked 0.66; wheat 0.12; veg oil 0.08; eggs 0.04,Portion,150,"portion size and g/cm2 are estimates; menu_co2_label derived from C (<3 low, 3-10 medium, >=10 high)"
Global,Jollof Rice,1.4,1.85,0.744,0.35,1.12,1.47,water,low,,,rice cooked 0.75; tomatoes 0.15; onions 0.05; other veg 0.04; veg oil 0.04,1 Cup,240,"portion size and g/cm2 are estimates; menu_co2_label derived from C (<3 low, 3-10 medium, >=10 high)"
Global,Ropa Vieja,1.4,74.2,1.133,14.1,1.7,15.8,carbon,high,,,beef cooked 0.55; tomatoes 0.12; other veg 0.1; onions 0.06,1 Cup,240,"portion size and g/cm2 are estimates; menu_co2_label derived from C (<3 low, 3-10 medium, >=10 high)"
Global,Picadillo,1.4,56.09,0.871,10.66,1.31,11.96,carbon,high,,,ground beef cooked 0.4; potatoes 0.15; tomatoes 0.12; onions 0.06; other fruit 0.03,1 Cup,240,"portion size and g/cm2 are estimates; menu_co2_label derived from C (<3 low, 3-10 medium, >=10 high)"
Global,Lamb Tagine,1.4,18.11,0.869,3.44,1.3,4.74,carbon,high,,,lamb cooked 0.33; tomatoes 0.1; root veg 0.1; onions 0.08; other fruit 0.05; beans cooked 0.1,1 Cup,260,"portion size and g/cm2 are estimates; menu_co2_label derived from C (<3 low, 3-10 medium, >=10 high)"
Fruit,Apple,3.0,0.43,0.18,0.08,0.27,0.35,water,low,,,apples 1,Medium Apple,182,"portion size and g/cm2 are estimates; menu_co2_label derived from C (<3 low, 3-10 medium, >=10 high)"
Fruit,Banana,2.5,0.86,0.115,0.16,0.17,0.34,water,low,,,bananas 1,Medium Banana,118,"portion size and g/cm2 are estimates; menu_co2_label derived from C (<3 low, 3-10 medium, >=10 high)"
Fruit,Orange,3.0,0.39,0.083,0.07,0.12,0.2,water,low,,,citrus 1,Medium Orange,140,"portion size and g/cm2 are estimates; menu_co2_label derived from C (<3 low, 3-10 medium, >=10 high)"
Fruit,Grapes,1.0,1.53,0.42,0.29,0.63,0.92,water,low,,,berries 1,1 Cup,150,"portion size and g/cm2 are estimates; menu_co2_label derived from C (<3 low, 3-10 medium, >=10 high)"
Fruit,Strawberries,1.0,1.53,0.42,0.29,0.63,0.92,water,low,,,berries 1,1 Cup,150,"portion size and g/cm2 are estimates; menu_co2_label derived from C (<3 low, 3-10 medium, >=10 high)"
Fruit,Blueberries,1.0,1.53,0.42,0.29,0.63,0.92,water,low,,,berries 1,1 Cup,150,"portion size and g/cm2 are estimates; menu_co2_label derived from C (<3 low, 3-10 medium, >=10 high)"
Fruit,Watermelon,1.0,1.05,0.153,0.2,0.23,0.43,water,low,,,other fruit 1,1 Cup,150,"portion size and g/cm2 are estimates; menu_co2_label derived from C (<3 low, 3-10 medium, >=10 high)"
Fruit,Cantaloupe,1.0,1.05,0.153,0.2,0.23,0.43,water,low,,,other fruit 1,1 Cup,150,"portion size and g/cm2 are estimates; menu_co2_label derived from C (<3 low, 3-10 medium, >=10 high)"
Fruit,Pineapple,1.0,1.05,0.153,0.2,0.23,0.43,water,low,,,other fruit 1,1 Cup,150,"portion size and g/cm2 are estimates; menu_co2_label derived from C (<3 low, 3-10 medium, >=10 high)"
Fruit,Peach,3.0,1.05,0.153,0.2,0.23,0.43,water,low,,,other fruit 1,Medium Peach,150,"portion size and g/cm2 are estimates; menu_co2_label derived from C (<3 low, 3-10 medium, >=10 high)"
Fruit,Fruit Salad,1.0,1.0,0.198,0.19,0.3,0.49,water,low,,,other fruit 0.5; berries 0.2; citrus 0.1; apples 0.1; bananas 0.1,1 Cup,150,"portion size and g/cm2 are estimates; menu_co2_label derived from C (<3 low, 3-10 medium, >=10 high)"
Fruit,Applesauce,1.6,0.58,0.205,0.11,0.31,0.42,water,low,,,apples 1; sugar 0.06,1/2 Cup,120,"portion size and g/cm2 are estimates; menu_co2_label derived from C (<3 low, 3-10 medium, >=10 high)"
Fruit,Fruit Cocktail,1.0,1.08,0.184,0.21,0.28,0.48,water,low,,,other fruit 0.6; berries 0.1; sugar 0.12,1 Cup,150,"portion size and g/cm2 are estimates; menu_co2_label derived from C (<3 low, 3-10 medium, >=10 high)"
Fruit,Baked Apples,2.5,1.37,0.352,0.26,0.53,0.79,water,low,,,apples 0.9; sugar 0.08; butter 0.03,Apple,150,"portion size and g/cm2 are estimates; menu_co2_label derived from C (<3 low, 3-10 medium, >=10 high)"
Dessert,Chocolate Chip Cookie,1.0,11.8,1.357,2.24,2.03,4.28,carbon,high,,,wheat 0.3; sugar 0.3; butter 0.18; chocolate 0.12; eggs 0.06,Cookie,45,"portion size and g/cm2 are estimates; menu_co2_label derived from C (<3 low, 3-10 medium, >=10 high)"
Dessert,Sugar Cookie,1.0,6.88,1.461,1.31,2.19,3.5,water,medium,,,wheat 0.4; sugar 0.3; butter 0.2; eggs 0.06,Cookie,45,"portion size and g/cm2 are estimates; menu_co2_label derived from C (<3 low, 3-10 medium, >=10 high)"
Dessert,Oatmeal Raisin Cookie,1.8,6.37,1.332,1.21,2.0,3.21,water,medium,,,oats 0.25; wheat 0.18; sugar 0.28; butter 0.15; berries 0.4; eggs 0.05,1 Cup,234,"portion size and g/cm2 are estimates; menu_co2_label derived from C (<3 low, 3-10 medium, >=10 high)"
Dessert,Peanut Butter Cookie,1.0,5.29,1.378,1.0,2.07,3.07,water,medium,,,groundnuts 0.25; wheat 0.2; sugar 0.3; butter 0.12; eggs 0.06,Cookie,45,"portion size and g/cm2 are estimates; menu_co2_label derived from C (<3 low, 3-10 medium, >=10 high)"
Dessert,Double Chocolate Cookie,1.0,15.19,1.315,2.89,1.97,4.86,carbon,high,,,wheat 0.25; sugar 0.3; chocolate 0.2; butter 0.17; eggs 0.06,Cookie,45,"portion size and g/cm2 are estimates; menu_co2_label derived from C (<3 low, 3-10 medium, >=10 high)"
Dessert,Brownie,1.8,12.59,1.175,2.39,1.76,4.15,carbon,high,,,chocolate 0.15; sugar 0.35; butter 0.15; eggs 0.12; wheat 0.15,Piece,70,"portion size and g/cm2 are estimates; menu_co2_label derived from C (<3 low, 3-10 medium, >=10 high)"
Dessert,Blondie,1.8,8.85,1.363,1.68,2.04,3.73,water,medium,,,wheat 0.3; sugar 0.35; butter 0.18; eggs 0.1; chocolate 0.05,Piece,70,"portion size and g/cm2 are estimates; menu_co2_label derived from C (<3 low, 3-10 medium, >=10 high)"
Dessert,Chocolate Cake,1.6,8.81,1.055,1.67,1.58,3.26,carbon,medium,,,wheat 0.2; sugar 0.3; eggs 0.12; butter 0.12; milk 0.1; chocolate 0.08,Slice,100,"portion size and g/cm2 are estimates; menu_co2_label derived from C (<3 low, 3-10 medium, >=10 high)"
Dessert,Vanilla Cake,1.6,6.01,1.202,1.14,1.8,2.95,water,medium,,,wheat 0.22; sugar 0.35; butter 0.15; eggs 0.12; milk 0.1,Slice,100,"portion size and g/cm2 are estimates; menu_co2_label derived from C (<3 low, 3-10 medium, >=10 high)"
Dessert,Carrot Cake,1.6,2.74,0.6,0.52,0.9,1.42,water,low,,,wheat 0.18; sugar 0.28; root veg 0.15; veg oil 0.12; eggs 0.1; cream cheese 0.1; nuts 0.03,Slice,100,"portion size and g/cm2 are estimates; menu_co2_label derived from C (<3 low, 3-10 medium, >=10 high)"
Dessert,Red Velvet Cake,1.6,3.97,0.57,0.75,0.86,1.61,water,medium,,,wheat 0.2; sugar 0.32; eggs 0.1; veg oil 0.1; milk 0.1; cream cheese 0.1; chocolate 0.02,Slice,100,"portion size and g/cm2 are estimates; menu_co2_label derived from C (<3 low, 3-10 medium, >=10 high)"
Dessert,Cheesecake,2.2,6.9,1.353,1.31,2.03,3.34,water,medium,,,cream cheese 0.5; sugar 0.18; eggs 0.12; wheat 0.1; butter 0.06; sour cream 0.05,Slice,110,"portion size and g/cm2 are estimates; menu_co2_label derived from C (<3 low, 3-10 medium, >=10 high)"
Dessert,Cupcake,2.2,6.68,1.334,1.27,2.0,3.27,water,medium,,,wheat 0.2; sugar 0.38; butter 0.18; eggs 0.1; milk 0.08,Cupcake,70,"portion size and g/cm2 are estimates; menu_co2_label derived from C (<3 low, 3-10 medium, >=10 high)"
Dessert,Apple Pie,1.8,4.04,0.927,0.77,1.39,2.16,water,medium,,,apples 0.5; wheat 0.25; butter 0.12; sugar 0.12,Slice,125,"portion size and g/cm2 are estimates; menu_co2_label derived from C (<3 low, 3-10 medium, >=10 high)"
Dessert,Pumpkin Pie,1.8,4.35,0.869,0.83,1.3,2.13,water,medium,,,other veg 0.35; milk 0.4; sugar 0.15; wheat 0.15; eggs 0.1; butter 0.07,Slice,125,"portion size and g/cm2 are estimates; menu_co2_label derived from C (<3 low, 3-10 medium, >=10 high)"
Dessert,Pecan Pie,1.8,3.99,1.784,0.76,2.68,3.43,water,medium,,,nuts 0.25; sugar 0.4; eggs 0.12; wheat 0.15; butter 0.08,Slice,125,"portion size and g/cm2 are estimates; menu_co2_label derived from C (<3 low, 3-10 medium, >=10 high)"
Dessert,Cherry Pie,1.8,4.43,0.926,0.84,1.39,2.23,water,medium,,,other fruit 0.5; wheat 0.25; sugar 0.15; butter 0.12,Slice,125,"portion size and g/cm2 are estimates; menu_co2_label derived from C (<3 low, 3-10 medium, >=10 high)"
Dessert,Key Lime Pie,1.8,5.38,1.073,1.02,1.61,2.63,water,medium,,,milk 0.9; sugar 0.15; citrus 0.1; eggs 0.08; wheat 0.12; butter 0.06,Slice,125,"condensed milk ~2.3 kg milk per kg; portion size and g/cm2 are estimates; menu_co2_label derived from C (<3 low, 3-10 medium, >=10 high)"
Dessert,Peach Cobbler,0.9,4.06,0.834,0.77,1.25,2.02,water,medium,,,other fruit 0.5; wheat 0.2; sugar 0.18; butter 0.1; milk 0.05,Entree Salad,300,"portion size and g/cm2 are estimates; menu_co2_label derived from C (<3 low, 3-10 medium, >=10 high)"
Dessert,Apple Crisp,1.6,3.65,0.792,0.69,1.19,1.88,water,medium,,,apples 0.55; sugar 0.15; oats 0.12; butter 0.1; wheat 0.08,1/2 Cup,130,"portion size and g/cm2 are estimates; menu_co2_label derived from C (<3 low, 3-10 medium, >=10 high)"
Dessert,Chocolate Pudding,1.5,4.75,0.583,0.9,0.87,1.78,carbon,medium,,,milk 0.8; sugar 0.12; chocolate 0.04; maize 0.04,1/2 Cup,120,"portion size and g/cm2 are estimates; menu_co2_label derived from C (<3 low, 3-10 medium, >=10 high)"
Dessert,Vanilla Pudding,1.5,3.09,0.591,0.59,0.89,1.47,water,medium,,,milk 0.82; sugar 0.12; maize 0.04; eggs 0.03,1/2 Cup,120,"portion size and g/cm2 are estimates; menu_co2_label derived from C (<3 low, 3-10 medium, >=10 high)"
Dessert,Rice Pudding,1.5,3.15,0.783,0.6,1.17,1.77,water,medium,,,milk 0.75; rice 0.12; sugar 0.1,1/2 Cup,120,"portion size and g/cm2 are estimates; menu_co2_label derived from C (<3 low, 3-10 medium, >=10 high)"
Dessert,Bread Pudding,1.6,3.98,0.858,0.76,1.29,2.04,water,medium,,,wheat 0.35; milk 0.4; eggs 0.12; sugar 0.12; butter 0.05,1/2 Cup,130,"portion size and g/cm2 are estimates; menu_co2_label derived from C (<3 low, 3-10 medium, >=10 high)"
Dessert,Rice Crispy Treat,1.8,5.52,1.609,1.05,2.41,3.46,water,medium,,,rice 0.4; sugar 0.45; butter 0.1,Piece,70,"portion size and g/cm2 are estimates; menu_co2_label derived from C (<3 low, 3-10 medium, >=10 high)"
Dessert,Vanilla Ice Cream,1.5,5.41,1.067,1.03,1.6,2.63,water,medium,,,ice cream 1,1/2 Cup,66,"portion size and g/cm2 are estimates; menu_co2_label derived from C (<3 low, 3-10 medium, >=10 high)"
Dessert,Chocolate Ice Cream,1.5,7.01,1.035,1.33,1.55,2.88,water,medium,,,ice cream 0.95; chocolate 0.04,1/2 Cup,66,"portion size and g/cm2 are estimates; menu_co2_label derived from C (<3 low, 3-10 medium, >=10 high)"
Dessert,Frozen Yogurt,1.6,3.17,0.617,0.6,0.93,1.53,water,medium,,,yogurt 0.75; sugar 0.18,Cup,170,"portion size and g/cm2 are estimates; menu_co2_label derived from C (<3 low, 3-10 medium, >=10 high)"
Dessert,Ice Cream Sundae,1.5,7.46,1.034,1.42,1.55,2.97,water,medium,,,ice cream 0.8; sugar 0.08; chocolate 0.05; cream 0.05,Sundae,150,"portion size and g/cm2 are estimates; menu_co2_label derived from C (<3 low, 3-10 medium, >=10 high)"
Dessert,Tiramisu,2.2,6.01,1.05,1.14,1.58,2.72,water,medium,,,cream cheese 0.3; cream 0.15; eggs 0.12; sugar 0.15; wheat 0.15; coffee 0.01; chocolate 0.01,Slice,110,"portion size and g/cm2 are estimates; menu_co2_label derived from C (<3 low, 3-10 medium, >=10 high)"
Dessert,Churros,0.8,3.3,0.659,0.63,0.99,1.61,water,medium,,,wheat 0.4; veg oil 0.2; sugar 0.15; eggs 0.05; butter 0.05,2 Churros,60,"portion size and g/cm2 are estimates; menu_co2_label derived from C (<3 low, 3-10 medium, >=10 high)"
Dessert,Fruit Tart,1.6,5.27,1.125,1.0,1.69,2.69,water,medium,,,wheat 0.25; milk 0.25; berries 0.2; sugar 0.15; butter 0.12; eggs 0.06,Slice,100,"portion size and g/cm2 are estimates; menu_co2_label derived from C (<3 low, 3-10 medium, >=10 high)"
Dessert,Lemon Bar,1.8,5.92,1.183,1.12,1.77,2.9,water,medium,,,wheat 0.25; sugar 0.35; butter 0.15; eggs 0.15; citrus 0.08,Piece,70,"portion size and g/cm2 are estimates; menu_co2_label derived from C (<3 low, 3-10 medium, >=10 high)"
Dessert,Baklava,1.8,5.17,2.102,0.98,3.15,4.13,water,medium,,,wheat 0.25; nuts 0.25; sugar 0.3; butter 0.15,Piece,70,"portion size and g/cm2 are estimates; menu_co2_label derived from C (<3 low, 3-10 medium, >=10 high)"
Dessert,Strawberry Shortcake,1.6,5.12,1.116,0.97,1.67,2.65,water,medium,,,berries 0.35; wheat 0.2; sugar 0.15; cream 0.15; butter 0.08,Slice,100,"portion size and g/cm2 are estimates; menu_co2_label derived from C (<3 low, 3-10 medium, >=10 high)"
Dessert,Banana Pudding,1.6,2.96,0.582,0.56,0.87,1.44,water,low,,,milk 0.5; bananas 0.2; sugar 0.12; wheat 0.08; cream 0.05; eggs 0.04,1/2 Cup,130,"portion size and g/cm2 are estimates; menu_co2_label derived from C (<3 low, 3-10 medium, >=10 high)"
Grill,Tortilla Chips,1.0,2.22,0.221,0.42,0.33,0.75,carbon,low,,,maize 0.75; veg oil 0.25,Serving,100,"portion size and g/cm2 are estimates; menu_co2_label derived from C (<3 low, 3-10 medium, >=10 high)"
Grill,Buttered Popcorn,0.2,4.14,0.715,0.79,1.07,1.86,water,medium,,,maize 0.9; butter 0.1,2 Cups,30,"portion size and g/cm2 are estimates; menu_co2_label derived from C (<3 low, 3-10 medium, >=10 high)"
Grill,Onion Rings,0.7,1.2,0.144,0.23,0.22,0.44,carbon,low,,,onions 0.8; wheat 0.15; veg oil 0.15,Serving,110,"portion size and g/cm2 are estimates; menu_co2_label derived from C (<3 low, 3-10 medium, >=10 high)"
Grill,Mozzarella Sticks,1.2,14.09,3.264,2.68,4.9,7.57,water,high,,,cheese 0.55; wheat 0.2; veg oil 0.12; eggs 0.04,Serving,100,"portion size and g/cm2 are estimates; menu_co2_label derived from C (<3 low, 3-10 medium, >=10 high)"
Grill,Jalapeno Poppers,1.2,3.13,0.602,0.6,0.9,1.5,water,medium,,,other veg 0.4; cream cheese 0.3; wheat 0.12; veg oil 0.12,Serving,100,"portion size and g/cm2 are estimates; menu_co2_label derived from C (<3 low, 3-10 medium, >=10 high)"
Grill,Hush Puppies,1.2,2.23,0.348,0.42,0.52,0.95,water,low,,,maize 0.4; wheat 0.15; milk 0.15; veg oil 0.15; eggs 0.06,Serving,100,"portion size and g/cm2 are estimates; menu_co2_label derived from C (<3 low, 3-10 medium, >=10 high)"
Grill,Corn Dog,1.6,22.77,0.728,4.33,1.09,5.42,carbon,high,,,beef 0.2; pork 0.15; maize 0.2; wheat 0.15; veg oil 0.12,Link,100,"portion size and g/cm2 are estimates; menu_co2_label derived from C (<3 low, 3-10 medium, >=10 high)"
Grill,Deviled Eggs,1.4,4.23,0.497,0.8,0.75,1.55,carbon,medium,,,eggs 0.8; mayo 0.15,2 Halves,60,"portion size and g/cm2 are estimates; menu_co2_label derived from C (<3 low, 3-10 medium, >=10 high)"
